path,selected_strategy,solved,time
non-incremental/QF_DT/20172804-Barrett/barrett-jsat/tests/v1/v1l30098.cvc.smt2,h3-case-split-3,True,0.0240
non-incremental/QF_DT/20172804-Barrett/barrett-jsat/typed/v10/typed_v10l60003.cvc.smt2,h10-case-2-lazy2,True,0.0263
non-incremental/QF_DT/20210312-Bouvier/vlsat3_b02.smt2,h4-case-split-6,True,3.5714
non-incremental/QF_DT/20210312-Bouvier/vlsat3_b03.smt2,h4-case-split-6,False,30.0000
non-incremental/QF_DT/20210312-Bouvier/vlsat3_b05.smt2,h3-case-split-3,False,30.0000
non-incremental/QF_DT/20210312-Bouvier/vlsat3_b09.smt2,h3-case-split-3,False,30.0000
non-incremental/QF_DT/20210312-Bouvier/vlsat3_b10.smt2,h4-case-split-6,False,30.0000
non-incremental/QF_DT/20210312-Bouvier/vlsat3_b14.smt2,h4-case-split-6,False,30.0000
non-incremental/QF_DT/20210312-Bouvier/vlsat3_b16.smt2,h3-case-split-3,False,30.0000
non-incremental/QF_DT/20210312-Bouvier/vlsat3_b22.smt2,h4-case-split-6,False,30.0000
non-incremental/QF_DT/20210312-Bouvier/vlsat3_b26.smt2,h3-case-split-3,False,30.0000
non-incremental/QF_DT/20210312-Bouvier/vlsat3_b30.smt2,h3-case-split-3,False,30.0000
non-incremental/QF_DT/20210312-Bouvier/vlsat3_b32.smt2,h3-case-split-3,False,30.0000
non-incremental/QF_DT/20210312-Bouvier/vlsat3_b33.smt2,h3-case-split-3,False,30.0000
non-incremental/QF_DT/20210312-Bouvier/vlsat3_b34.smt2,h4-case-split-6,False,30.0000
non-incremental/QF_DT/20210312-Bouvier/vlsat3_b38.smt2,h3-case-split-3,False,30.0000
non-incremental/QF_DT/20210312-Bouvier/vlsat3_b41.smt2,h4-case-split-6,False,30.0000
non-incremental/QF_DT/20210312-Bouvier/vlsat3_b42.smt2,h3-case-split-3,False,30.0000
non-incremental/QF_DT/20210312-Bouvier/vlsat3_b45.smt2,h3-case-split-3,False,30.0000
non-incremental/QF_DT/20210312-Bouvier/vlsat3_b47.smt2,h3-case-split-3,False,30.0000
non-incremental/QF_DT/20210312-Bouvier/vlsat3_b49.smt2,h4-case-split-6,False,30.0000
non-incremental/QF_DT/20210312-Bouvier/vlsat3_b50.smt2,h4-case-split-6,False,30.0000
non-incremental/QF_DT/20210312-Bouvier/vlsat3_b51.smt2,h4-case-split-6,False,30.0000
non-incremental/QF_DT/20210312-Bouvier/vlsat3_b53.smt2,h3-case-split-3,False,30.0000
non-incremental/QF_DT/20210312-Bouvier/vlsat3_b54.smt2,h3-case-split-3,False,30.0000
non-incremental/QF_DT/20210312-Bouvier/vlsat3_b55.smt2,h4-case-split-6,False,30.0000
non-incremental/QF_DT/20210312-Bouvier/vlsat3_b57.smt2,h3-case-split-3,False,30.0000
non-incremental/QF_DT/20210312-Bouvier/vlsat3_b61.smt2,h4-case-split-6,False,30.0000
non-incremental/QF_DT/20210312-Bouvier/vlsat3_b63.smt2,h3-case-split-3,False,30.0000
non-incremental/QF_DT/20210312-Bouvier/vlsat3_b64.smt2,h4-case-split-6,False,30.0000
non-incremental/QF_DT/20210312-Bouvier/vlsat3_b65.smt2,h4-case-split-6,False,30.0000
non-incremental/QF_DT/20210312-Bouvier/vlsat3_b66.smt2,h3-case-split-3,False,30.0000
non-incremental/QF_DT/20210312-Bouvier/vlsat3_b69.smt2,h3-case-split-3,False,30.0000
non-incremental/QF_DT/20210312-Bouvier/vlsat3_b71.smt2,h4-case-split-6,False,30.0000
non-incremental/QF_DT/20210312-Bouvier/vlsat3_b72.smt2,h4-case-split-6,False,30.0000
non-incremental/QF_DT/20210312-Bouvier/vlsat3_b74.smt2,h3-case-split-3,False,30.0000
non-incremental/QF_DT/20210312-Bouvier/vlsat3_b75.smt2,h3-case-split-3,False,30.0000
non-incremental/QF_DT/20210312-Bouvier/vlsat3_b77.smt2,h3-case-split-3,False,30.0000
non-incremental/QF_DT/20210312-Bouvier/vlsat3_b80.smt2,p1-simplify-smt,False,30.0000
non-incremental/QF_DT/20210312-Bouvier/vlsat3_b82.smt2,h3-case-split-3,False,30.0000
non-incremental/QF_DT/20210312-Bouvier/vlsat3_b83.smt2,p1-simplify-smt,False,30.0000
non-incremental/QF_DT/20210312-Bouvier/vlsat3_b84.smt2,p1-simplify-smt,False,30.0000
non-incremental/QF_DT/20210312-Bouvier/vlsat3_b89.smt2,p1-simplify-smt,False,30.0000
non-incremental/QF_DT/20210312-Bouvier/vlsat3_b93.smt2,p1-simplify-smt,False,30.0000
non-incremental/QF_DT/20210312-Bouvier/vlsat3_b94.smt2,h4-case-split-6,False,30.0000
non-incremental/QF_DT/20210312-Bouvier/vlsat3_b95.smt2,p1-simplify-smt,False,30.0000
non-incremental/QF_DT/20210312-Bouvier/vlsat3_b98.smt2,p1-simplify-smt,False,30.0000
non-incremental/QF_DT/20210312-Bouvier/vlsat3_b99.smt2,p1-simplify-smt,False,30.0000
non-incremental/QF_DT/20210312-Bouvier/vlsat3_h00.smt2,p1-simplify-smt,True,5.2061
non-incremental/QF_DT/20210312-Bouvier/vlsat3_h01.smt2,p1-simplify-smt,True,16.5500
non-incremental/QF_DT/20210312-Bouvier/vlsat3_h02.smt2,p1-simplify-smt,True,17.2503
non-incremental/QF_DT/20210312-Bouvier/vlsat3_h03.smt2,p1-simplify-smt,True,21.2525
non-incremental/QF_DT/20210312-Bouvier/vlsat3_h05.smt2,p1-simplify-smt,False,30.0000
non-incremental/QF_DT/20210312-Bouvier/vlsat3_h06.smt2,p1-simplify-smt,False,30.0000
non-incremental/QF_DT/20210312-Bouvier/vlsat3_h07.smt2,p1-simplify-smt,True,8.5799
non-incremental/QF_DT/20210312-Bouvier/vlsat3_h08.smt2,p1-simplify-smt,False,30.0000
non-incremental/QF_DT/20210312-Bouvier/vlsat3_h11.smt2,p1-simplify-smt,False,30.0000
non-incremental/QF_DT/20210312-Bouvier/vlsat3_h14.smt2,p1-simplify-smt,False,30.0000
non-incremental/QF_DT/20210312-Bouvier/vlsat3_h15.smt2,p1-simplify-smt,False,30.0000
non-incremental/QF_DT/20210312-Bouvier/vlsat3_h16.smt2,h3-case-split-3,False,30.0000
non-incremental/QF_DT/20210312-Bouvier/vlsat3_h17.smt2,h3-case-split-3,False,30.0000
non-incremental/QF_DT/20210312-Bouvier/vlsat3_h18.smt2,h3-case-split-3,True,1.8810
non-incremental/QF_DT/20210312-Bouvier/vlsat3_h19.smt2,p1-simplify-smt,True,22.6880
non-incremental/QF_DT/20210312-Bouvier/vlsat3_h20.smt2,h3-case-split-3,False,30.0000
non-incremental/QF_DT/20210312-Bouvier/vlsat3_h21.smt2,h3-case-split-3,False,30.0000
non-incremental/QF_DT/20210312-Bouvier/vlsat3_h22.smt2,p1-simplify-smt,True,12.0839
non-incremental/QF_DT/20210312-Bouvier/vlsat3_h25.smt2,h3-case-split-3,False,30.0000
non-incremental/QF_DT/20210312-Bouvier/vlsat3_h27.smt2,p1-simplify-smt,False,30.0000
non-incremental/QF_DT/20210312-Bouvier/vlsat3_h29.smt2,h3-case-split-3,False,30.0000
non-incremental/QF_DT/20210312-Bouvier/vlsat3_h30.smt2,h3-case-split-3,True,12.3938
non-incremental/QF_DT/20210312-Bouvier/vlsat3_h32.smt2,p1-simplify-smt,True,3.9498
non-incremental/QF_DT/20210312-Bouvier/vlsat3_h36.smt2,p1-simplify-smt,False,30.0000
non-incremental/QF_DT/20210312-Bouvier/vlsat3_h38.smt2,h3-case-split-3,True,27.6740
non-incremental/QF_DT/20210312-Bouvier/vlsat3_h39.smt2,p1-simplify-smt,False,30.0000
non-incremental/QF_DT/20210312-Bouvier/vlsat3_h41.smt2,h3-case-split-3,False,30.0000
non-incremental/QF_DT/20210312-Bouvier/vlsat3_h42.smt2,h3-case-split-3,False,30.0000
non-incremental/QF_DT/20210312-Bouvier/vlsat3_h46.smt2,h3-case-split-3,False,30.0000
non-incremental/QF_DT/20210312-Bouvier/vlsat3_h47.smt2,p1-simplify-smt,False,30.0000
non-incremental/QF_DT/20210312-Bouvier/vlsat3_h50.smt2,h3-case-split-3,False,30.0000
non-incremental/QF_DT/20210312-Bouvier/vlsat3_h51.smt2,h3-case-split-3,True,8.9627
non-incremental/QF_DT/20210312-Bouvier/vlsat3_h54.smt2,h3-case-split-3,False,30.0000
non-incremental/QF_DT/20210312-Bouvier/vlsat3_h59.smt2,p1-simplify-smt,False,30.0000
non-incremental/QF_DT/20210312-Bouvier/vlsat3_h61.smt2,p1-simplify-smt,False,30.0000
non-incremental/QF_DT/20210312-Bouvier/vlsat3_h62.smt2,h3-case-split-3,True,21.6003
non-incremental/QF_DT/20210312-Bouvier/vlsat3_h63.smt2,p1-simplify-smt,False,30.0000
non-incremental/QF_DT/20210312-Bouvier/vlsat3_h68.smt2,h3-case-split-3,False,30.0000
non-incremental/QF_DT/20210312-Bouvier/vlsat3_h70.smt2,h3-case-split-3,False,30.0000
non-incremental/QF_DT/20210312-Bouvier/vlsat3_h73.smt2,p1-simplify-smt,False,30.0000
non-incremental/QF_DT/20210312-Bouvier/vlsat3_h74.smt2,h3-case-split-3,True,27.6154
non-incremental/QF_DT/20210312-Bouvier/vlsat3_h75.smt2,p1-simplify-smt,True,29.1892
non-incremental/QF_DT/20210312-Bouvier/vlsat3_h76.smt2,p1-simplify-smt,False,30.0000
non-incremental/QF_DT/20210312-Bouvier/vlsat3_h79.smt2,p1-simplify-smt,False,30.0000
non-incremental/QF_DT/20210312-Bouvier/vlsat3_h80.smt2,h3-case-split-3,True,7.5412
non-incremental/QF_DT/20210312-Bouvier/vlsat3_h81.smt2,p1-simplify-smt,False,30.0000
non-incremental/QF_DT/20210312-Bouvier/vlsat3_h82.smt2,p1-simplify-smt,True,14.0815
non-incremental/QF_DT/20210312-Bouvier/vlsat3_h84.smt2,p1-simplify-smt,False,30.0000
non-incremental/QF_DT/20210312-Bouvier/vlsat3_h86.smt2,p1-simplify-smt,False,30.0000
non-incremental/QF_DT/20210312-Bouvier/vlsat3_h88.smt2,h3-case-split-3,False,30.0000
non-incremental/QF_DT/20210312-Bouvier/vlsat3_h90.smt2,p1-simplify-smt,False,30.0000
non-incremental/QF_DT/20210312-Bouvier/vlsat3_h91.smt2,p1-simplify-smt,False,30.0000
non-incremental/QF_DT/20210312-Bouvier/vlsat3_h92.smt2,h3-case-split-3,True,22.6772
non-incremental/QF_DT/20210312-Bouvier/vlsat3_h97.smt2,h3-case-split-3,True,25.4030
non-incremental/QF_DT/20210312-Bouvier/vlsat3_h98.smt2,p1-simplify-smt,False,30.0000
non-incremental/QF_DT/20230720-blocksworld/blocksworld_from_0_0_21_to_10_8_3_negated_goal_bmc_35.smt2,h4-case-split-6,False,30.0000
non-incremental/QF_DT/20230720-blocksworld/blocksworld_from_0_0_8_to_1_3_4_negated_goal_bmc_2.smt2,h10-case-2-lazy2,True,0.0305
non-incremental/QF_DT/20230720-blocksworld/blocksworld_from_0_13_3_to_14_2_0_negated_goal_bmc_12.smt2,h2-dt-lazy-all,False,30.0000
non-incremental/QF_DT/20230720-blocksworld/blocksworld_from_0_13_3_to_14_2_0_negated_goal_bmc_24.smt2,h4-case-split-6,False,30.0000
non-incremental/QF_DT/20230720-blocksworld/blocksworld_from_0_18_1_to_17_2_0_negated_goal_bmc_15.smt2,h2-dt-lazy-all,False,30.0000
non-incremental/QF_DT/20230720-blocksworld/blocksworld_from_0_18_1_to_17_2_0_negated_goal_bmc_27.smt2,h4-case-split-6,False,30.0000
non-incremental/QF_DT/20230720-blocksworld/blocksworld_from_0_18_1_to_17_2_0_negated_goal_bmc_32.smt2,h4-case-split-6,False,30.0000
non-incremental/QF_DT/20230720-blocksworld/blocksworld_from_0_18_5_to_17_0_6_negated_goal_bmc_12.smt2,h2-dt-lazy-all,True,7.8837
non-incremental/QF_DT/20230720-blocksworld/blocksworld_from_0_18_5_to_17_0_6_negated_goal_bmc_45.smt2,p1-simplify-smt,False,30.0000
non-incremental/QF_DT/20230720-blocksworld/blocksworld_from_0_1_15_to_13_1_2_negated_goal_bmc_13.smt2,h2-dt-lazy-all,False,30.0000
non-incremental/QF_DT/20230720-blocksworld/blocksworld_from_0_1_15_to_13_1_2_negated_goal_bmc_17.smt2,h2-dt-lazy-all,False,30.0000
non-incremental/QF_DT/20230720-blocksworld/blocksworld_from_0_1_15_to_13_1_2_negated_goal_bmc_21.smt2,h4-case-split-6,False,30.0000
non-incremental/QF_DT/20230720-blocksworld/blocksworld_from_0_1_19_to_6_3_11_negated_goal_bmc_11.smt2,h2-dt-lazy-all,True,15.7339
non-incremental/QF_DT/20230720-blocksworld/blocksworld_from_0_1_19_to_6_3_11_negated_goal_bmc_28.smt2,h4-case-split-6,False,30.0000
non-incremental/QF_DT/20230720-blocksworld/blocksworld_from_0_1_19_to_6_3_11_negated_goal_bmc_29.smt2,h4-case-split-6,False,30.0000
non-incremental/QF_DT/20230720-blocksworld/blocksworld_from_0_1_19_to_6_3_11_negated_goal_bmc_9.smt2,h10-case-2-lazy2,True,17.6216
non-incremental/QF_DT/20230720-blocksworld/blocksworld_from_0_1_3_to_1_1_2_negated_goal_bmc_0.smt2,h10-case-2-lazy2,True,0.0268
non-incremental/QF_DT/20230720-blocksworld/blocksworld_from_0_24_0_to_2_11_11_negated_goal_bmc_24.smt2,h4-case-split-6,False,30.0000
non-incremental/QF_DT/20230720-blocksworld/blocksworld_from_0_24_0_to_2_11_11_negated_goal_bmc_40.smt2,p1-simplify-smt,False,30.0000
non-incremental/QF_DT/20230720-blocksworld/blocksworld_from_0_2_0_to_2_0_0_negated_goal_bmc_3.smt2,h10-case-2-lazy2,True,0.0327
non-incremental/QF_DT/20230720-blocksworld/blocksworld_from_0_3_6_to_2_0_7_negated_goal_bmc_13.smt2,h2-dt-lazy-all,False,30.0000
non-incremental/QF_DT/20230720-blocksworld/blocksworld_from_0_3_6_to_2_0_7_negated_goal_bmc_14.smt2,h2-dt-lazy-all,False,30.0000
non-incremental/QF_DT/20230720-blocksworld/blocksworld_from_0_4_7_to_4_4_3_negated_goal_bmc_15.smt2,h2-dt-lazy-all,False,30.0000
non-incremental/QF_DT/20230720-blocksworld/blocksworld_from_0_6_0_to_5_0_1_negated_goal_bmc_0.smt2,h10-case-2-lazy2,True,0.0246
non-incremental/QF_DT/20230720-blocksworld/blocksworld_from_0_6_0_to_5_0_1_negated_goal_bmc_9.smt2,h10-case-2-lazy2,True,1.5867
non-incremental/QF_DT/20230720-blocksworld/blocksworld_from_0_7_3_to_8_1_1_negated_goal_bmc_8.smt2,h10-case-2-lazy2,True,0.9453
non-incremental/QF_DT/20230720-blocksworld/blocksworld_from_0_7_3_to_8_1_1_negated_goal_bmc_9.smt2,h10-case-2-lazy2,True,2.7193
non-incremental/QF_DT/20230720-blocksworld/blocksworld_from_0_7_5_to_2_8_2_negated_goal_bmc_19.smt2,h4-case-split-6,False,30.0000
non-incremental/QF_DT/20230720-blocksworld/blocksworld_from_0_9_4_to_3_3_7_negated_goal_bmc_19.smt2,h4-case-split-6,False,30.0000
non-incremental/QF_DT/20230720-blocksworld/blocksworld_from_10_4_3_to_1_14_2_negated_goal_bmc_11.smt2,h2-dt-lazy-all,False,30.0000
non-incremental/QF_DT/20230720-blocksworld/blocksworld_from_10_5_8_to_4_10_9_negated_goal_bmc_23.smt2,h4-case-split-6,False,30.0000
non-incremental/QF_DT/20230720-blocksworld/blocksworld_from_10_5_8_to_4_10_9_negated_goal_bmc_27.smt2,h4-case-split-6,False,30.0000
non-incremental/QF_DT/20230720-blocksworld/blocksworld_from_10_7_1_to_8_0_10_negated_goal_bmc_35.smt2,h4-case-split-6,False,30.0000
non-incremental/QF_DT/20230720-blocksworld/blocksworld_from_11_0_10_to_18_1_2_negated_goal_bmc_24.smt2,h4-case-split-6,False,30.0000
non-incremental/QF_DT/20230720-blocksworld/blocksworld_from_11_0_10_to_18_1_2_negated_goal_bmc_9.smt2,h10-case-2-lazy2,True,14.2317
non-incremental/QF_DT/20230720-blocksworld/blocksworld_from_11_0_6_to_13_1_3_negated_goal_bmc_16.smt2,h2-dt-lazy-all,False,30.0000
non-incremental/QF_DT/20230720-blocksworld/blocksworld_from_11_1_11_to_5_8_10_negated_goal_bmc_26.smt2,h4-case-split-6,False,30.0000
non-incremental/QF_DT/20230720-blocksworld/blocksworld_from_11_4_8_to_17_1_5_negated_goal_bmc_32.smt2,h4-case-split-6,False,30.0000
non-incremental/QF_DT/20230720-blocksworld/blocksworld_from_11_5_0_to_14_0_2_negated_goal_bmc_22.smt2,h4-case-split-6,False,30.0000
non-incremental/QF_DT/20230720-blocksworld/blocksworld_from_11_6_0_to_8_0_9_negated_goal_bmc_21.smt2,h4-case-split-6,False,30.0000
non-incremental/QF_DT/20230720-blocksworld/blocksworld_from_11_6_0_to_8_0_9_negated_goal_bmc_23.smt2,h4-case-split-6,False,30.0000
non-incremental/QF_DT/20230720-blocksworld/blocksworld_from_11_6_0_to_8_0_9_negated_goal_bmc_29.smt2,h4-case-split-6,False,30.0000
non-incremental/QF_DT/20230720-blocksworld/blocksworld_from_12_0_3_to_8_3_4_negated_goal_bmc_21.smt2,h4-case-split-6,False,30.0000
non-incremental/QF_DT/20230720-blocksworld/blocksworld_from_12_0_3_to_8_3_4_negated_goal_bmc_29.smt2,h4-case-split-6,False,30.0000
non-incremental/QF_DT/20230720-blocksworld/blocksworld_from_12_0_7_to_18_0_1_negated_goal_bmc_13.smt2,h2-dt-lazy-all,False,30.0000
non-incremental/QF_DT/20230720-blocksworld/blocksworld_from_12_0_7_to_18_0_1_negated_goal_bmc_5.smt2,h10-case-2-lazy2,True,0.1027
non-incremental/QF_DT/20230720-blocksworld/blocksworld_from_12_1_0_to_11_1_1_negated_goal_bmc_13.smt2,h2-dt-lazy-all,False,30.0000
non-incremental/QF_DT/20230720-blocksworld/blocksworld_from_12_1_0_to_11_1_1_negated_goal_bmc_19.smt2,h4-case-split-6,False,30.0000
non-incremental/QF_DT/20230720-blocksworld/blocksworld_from_12_1_0_to_1_12_0_negated_goal_bmc_10.smt2,h2-dt-lazy-all,False,30.0000
non-incremental/QF_DT/20230720-blocksworld/blocksworld_from_12_1_3_to_11_1_4_negated_goal_bmc_26.smt2,h4-case-split-6,False,30.0000
non-incremental/QF_DT/20230720-blocksworld/blocksworld_from_12_7_0_to_11_3_5_negated_goal_bmc_29.smt2,h4-case-split-6,False,30.0000
non-incremental/QF_DT/20230720-blocksworld/blocksworld_from_12_7_0_to_14_5_0_negated_goal_bmc_22.smt2,h4-case-split-6,False,30.0000
non-incremental/QF_DT/20230720-blocksworld/blocksworld_from_12_7_0_to_14_5_0_negated_goal_bmc_33.smt2,h4-case-split-6,False,30.0000
non-incremental/QF_DT/20230720-blocksworld/blocksworld_from_12_7_0_to_14_5_0_negated_goal_bmc_36.smt2,h2-dt-lazy-all,False,30.0000
non-incremental/QF_DT/20230720-blocksworld/blocksworld_from_12_7_0_to_14_5_0_negated_goal_bmc_4.smt2,h10-case-2-lazy2,True,0.0410
non-incremental/QF_DT/20230720-blocksworld/blocksworld_from_13_0_1_to_11_0_3_negated_goal_bmc_17.smt2,h2-dt-lazy-all,False,30.0000
non-incremental/QF_DT/20230720-blocksworld/blocksworld_from_13_11_1_to_17_3_5_negated_goal_bmc_49.smt2,p1-simplify-smt,False,30.0000
non-incremental/QF_DT/20230720-blocksworld/blocksworld_from_13_1_5_to_8_4_7_negated_goal_bmc_0.smt2,h10-case-2-lazy2,True,0.0283
non-incremental/QF_DT/20230720-blocksworld/blocksworld_from_13_1_5_to_8_4_7_negated_goal_bmc_30.smt2,h4-case-split-6,False,30.0000
non-incremental/QF_DT/20230720-blocksworld/blocksworld_from_13_1_6_to_8_7_5_negated_goal_bmc_15.smt2,h2-dt-lazy-all,False,30.0000
non-incremental/QF_DT/20230720-blocksworld/blocksworld_from_13_1_6_to_8_7_5_negated_goal_bmc_26.smt2,h4-case-split-6,False,30.0000
non-incremental/QF_DT/20230720-blocksworld/blocksworld_from_13_1_6_to_8_7_5_negated_goal_bmc_28.smt2,h4-case-split-6,False,30.0000
non-incremental/QF_DT/20230720-blocksworld/blocksworld_from_13_3_3_to_3_11_5_negated_goal_bmc_19.smt2,h4-case-split-6,False,30.0000
non-incremental/QF_DT/20230720-blocksworld/blocksworld_from_14_0_3_to_12_4_1_negated_goal_bmc_17.smt2,h2-dt-lazy-all,False,30.0000
non-incremental/QF_DT/20230720-blocksworld/blocksworld_from_14_0_3_to_12_4_1_negated_goal_bmc_7.smt2,h10-case-2-lazy2,True,1.0168
non-incremental/QF_DT/20230720-blocksworld/blocksworld_from_14_0_3_to_12_4_1_negated_goal_bmc_8.smt2,h10-case-2-lazy2,True,4.5574
non-incremental/QF_DT/20230720-blocksworld/blocksworld_from_14_1_0_to_5_1_9_negated_goal_bmc_0.smt2,h10-case-2-lazy2,True,0.0220
non-incremental/QF_DT/20230720-blocksworld/blocksworld_from_14_1_0_to_5_1_9_negated_goal_bmc_24.smt2,h4-case-split-6,False,30.0000
non-incremental/QF_DT/20230720-blocksworld/blocksworld_from_15_2_6_to_18_3_2_negated_goal_bmc_21.smt2,h4-case-split-6,False,30.0000
non-incremental/QF_DT/20230720-blocksworld/blocksworld_from_15_3_0_to_3_5_10_negated_goal_bmc_14.smt2,h2-dt-lazy-all,False,30.0000
non-incremental/QF_DT/20230720-blocksworld/blocksworld_from_15_3_0_to_3_5_10_negated_goal_bmc_35.smt2,h4-case-split-6,False,30.0000
non-incremental/QF_DT/20230720-blocksworld/blocksworld_from_15_6_4_to_10_2_13_negated_goal_bmc_29.smt2,h4-case-split-6,False,30.0000
non-incremental/QF_DT/20230720-blocksworld/blocksworld_from_15_6_4_to_10_2_13_negated_goal_bmc_44.smt2,p1-simplify-smt,False,30.0000
non-incremental/QF_DT/20230720-blocksworld/blocksworld_from_15_6_4_to_10_2_13_negated_goal_bmc_47.smt2,p1-simplify-smt,False,30.0000
non-incremental/QF_DT/20230720-blocksworld/blocksworld_from_16_2_1_to_12_6_1_negated_goal_bmc_19.smt2,h4-case-split-6,False,30.0000
non-incremental/QF_DT/20230720-blocksworld/blocksworld_from_16_2_1_to_12_6_1_negated_goal_bmc_31.smt2,h4-case-split-6,False,30.0000
non-incremental/QF_DT/20230720-blocksworld/blocksworld_from_16_4_2_to_16_3_3_negated_goal_bmc_1.smt2,h10-case-2-lazy2,True,0.0281
non-incremental/QF_DT/20230720-blocksworld/blocksworld_from_16_4_2_to_16_3_3_negated_goal_bmc_10.smt2,h2-dt-lazy-all,False,30.0000
non-incremental/QF_DT/20230720-blocksworld/blocksworld_from_16_4_2_to_16_3_3_negated_goal_bmc_26.smt2,h4-case-split-6,False,30.0000
non-incremental/QF_DT/20230720-blocksworld/blocksworld_from_16_4_2_to_16_3_3_negated_goal_bmc_35.smt2,h4-case-split-6,False,30.0000
non-incremental/QF_DT/20230720-blocksworld/blocksworld_from_16_4_2_to_16_3_3_negated_goal_bmc_8.smt2,h10-case-2-lazy2,True,5.1491
non-incremental/QF_DT/20230720-blocksworld/blocksworld_from_16_7_3_to_16_0_10_negated_goal_bmc_18.smt2,h2-dt-lazy-all,False,30.0000
non-incremental/QF_DT/20230720-blocksworld/blocksworld_from_17_0_1_to_1_10_7_negated_goal_bmc_23.smt2,h4-case-split-6,False,30.0000
non-incremental/QF_DT/20230720-blocksworld/blocksworld_from_17_2_1_to_19_1_0_negated_goal_bmc_15.smt2,h2-dt-lazy-all,False,30.0000
non-incremental/QF_DT/20230720-blocksworld/blocksworld_from_17_2_1_to_19_1_0_negated_goal_bmc_22.smt2,h4-case-split-6,False,30.0000
non-incremental/QF_DT/20230720-blocksworld/blocksworld_from_17_2_3_to_8_7_7_negated_goal_bmc_14.smt2,h2-dt-lazy-all,False,30.0000
non-incremental/QF_DT/20230720-blocksworld/blocksworld_from_17_2_3_to_8_7_7_negated_goal_bmc_29.smt2,h4-case-split-6,False,30.0000
non-incremental/QF_DT/20230720-blocksworld/blocksworld_from_17_2_3_to_8_7_7_negated_goal_bmc_3.smt2,h10-case-2-lazy2,True,0.0419
non-incremental/QF_DT/20230720-blocksworld/blocksworld_from_18_0_2_to_1_5_14_negated_goal_bmc_15.smt2,h2-dt-lazy-all,False,30.0000
non-incremental/QF_DT/20230720-blocksworld/blocksworld_from_18_1_7_to_7_17_2_negated_goal_bmc_35.smt2,h4-case-split-6,False,30.0000
non-incremental/QF_DT/20230720-blocksworld/blocksworld_from_18_1_7_to_7_17_2_negated_goal_bmc_42.smt2,p1-simplify-smt,False,30.0000
non-incremental/QF_DT/20230720-blocksworld/blocksworld_from_18_1_7_to_7_17_2_negated_goal_bmc_7.smt2,h10-case-2-lazy2,True,2.9523
non-incremental/QF_DT/20230720-blocksworld/blocksworld_from_18_5_3_to_18_1_7_negated_goal_bmc_15.smt2,h2-dt-lazy-all,False,30.0000
non-incremental/QF_DT/20230720-blocksworld/blocksworld_from_18_5_3_to_18_1_7_negated_goal_bmc_16.smt2,h2-dt-lazy-all,False,30.0000
non-incremental/QF_DT/20230720-blocksworld/blocksworld_from_18_5_3_to_18_1_7_negated_goal_bmc_2.smt2,h10-case-2-lazy2,True,0.0327
non-incremental/QF_DT/20230720-blocksworld/blocksworld_from_18_5_3_to_18_1_7_negated_goal_bmc_23.smt2,h4-case-split-6,False,30.0000
non-incremental/QF_DT/20230720-blocksworld/blocksworld_from_19_2_0_to_19_0_2_negated_goal_bmc_21.smt2,h4-case-split-6,False,30.0000
non-incremental/QF_DT/20230720-blocksworld/blocksworld_from_1_0_1_to_0_1_1_negated_goal_bmc_3.smt2,h10-case-2-lazy2,True,0.0375
non-incremental/QF_DT/20230720-blocksworld/blocksworld_from_1_0_2_to_1_0_2_negated_goal_bmc_1.smt2,h10-case-2-lazy2,True,0.0263
non-incremental/QF_DT/20230720-blocksworld/blocksworld_from_1_14_5_to_17_3_0_negated_goal_bmc_10.smt2,h2-dt-lazy-all,True,27.5868
non-incremental/QF_DT/20230720-blocksworld/blocksworld_from_1_1_0_to_1_0_1_negated_goal_bmc_1.smt2,h10-case-2-lazy2,True,0.0341
non-incremental/QF_DT/20230720-blocksworld/blocksworld_from_1_1_7_to_3_0_6_negated_goal_bmc_3.smt2,h10-case-2-lazy2,True,0.0337
non-incremental/QF_DT/20230720-blocksworld/blocksworld_from_1_1_7_to_3_0_6_negated_goal_bmc_6.smt2,h10-case-2-lazy2,True,0.5276
non-incremental/QF_DT/20230720-blocksworld/blocksworld_from_1_21_4_to_17_7_2_negated_goal_bmc_10.smt2,h2-dt-lazy-all,False,30.0000
non-incremental/QF_DT/20230720-blocksworld/blocksworld_from_1_21_4_to_17_7_2_negated_goal_bmc_14.smt2,h2-dt-lazy-all,False,30.0000
non-incremental/QF_DT/20230720-blocksworld/blocksworld_from_1_21_4_to_17_7_2_negated_goal_bmc_25.smt2,h4-case-split-6,False,30.0000
non-incremental/QF_DT/20230720-blocksworld/blocksworld_from_1_21_4_to_17_7_2_negated_goal_bmc_37.smt2,h2-dt-lazy-all,False,30.0000
non-incremental/QF_DT/20230720-blocksworld/blocksworld_from_1_24_0_to_9_16_0_negated_goal_bmc_21.smt2,h4-case-split-6,False,30.0000
non-incremental/QF_DT/20230720-blocksworld/blocksworld_from_1_2_10_to_13_0_0_negated_goal_bmc_0.smt2,h10-case-2-lazy2,True,0.0320
non-incremental/QF_DT/20230720-blocksworld/blocksworld_from_1_2_10_to_13_0_0_negated_goal_bmc_3.smt2,h10-case-2-lazy2,True,0.0263
non-incremental/QF_DT/20230720-blocksworld/blocksworld_from_1_5_5_to_1_1_9_negated_goal_bmc_20.smt2,h4-case-split-6,False,30.0000
non-incremental/QF_DT/20230720-blocksworld/blocksworld_from_1_6_8_to_6_3_6_negated_goal_bmc_19.smt2,h4-case-split-6,False,30.0000
non-incremental/QF_DT/20230720-blocksworld/blocksworld_from_1_7_5_to_6_4_3_negated_goal_bmc_17.smt2,h2-dt-lazy-all,False,30.0000
non-incremental/QF_DT/20230720-blocksworld/blocksworld_from_1_7_5_to_6_4_3_negated_goal_bmc_24.smt2,h4-case-split-6,False,30.0000
non-incremental/QF_DT/20230720-blocksworld/blocksworld_from_1_7_5_to_6_4_3_negated_goal_bmc_3.smt2,h10-case-2-lazy2,True,0.0348
non-incremental/QF_DT/20230720-blocksworld/blocksworld_from_1_9_5_to_13_2_0_negated_goal_bmc_11.smt2,h2-dt-lazy-all,False,30.0000
non-incremental/QF_DT/20230720-blocksworld/blocksworld_from_1_9_5_to_13_2_0_negated_goal_bmc_16.smt2,h2-dt-lazy-all,False,30.0000
non-incremental/QF_DT/20230720-blocksworld/blocksworld_from_20_0_0_to_17_2_1_negated_goal_bmc_10.smt2,h2-dt-lazy-all,True,25.8147
non-incremental/QF_DT/20230720-blocksworld/blocksworld_from_20_0_0_to_17_2_1_negated_goal_bmc_25.smt2,h4-case-split-6,False,30.0000
non-incremental/QF_DT/20230720-blocksworld/blocksworld_from_20_0_1_to_1_2_18_negated_goal_bmc_19.smt2,h4-case-split-6,False,30.0000
non-incremental/QF_DT/20230720-blocksworld/blocksworld_from_20_2_0_to_13_2_7_negated_goal_bmc_12.smt2,h2-dt-lazy-all,False,30.0000
non-incremental/QF_DT/20230720-blocksworld/blocksworld_from_20_2_0_to_13_2_7_negated_goal_bmc_15.smt2,h2-dt-lazy-all,False,30.0000
non-incremental/QF_DT/20230720-blocksworld/blocksworld_from_20_2_0_to_13_2_7_negated_goal_bmc_27.smt2,h4-case-split-6,False,30.0000
non-incremental/QF_DT/20230720-blocksworld/blocksworld_from_20_2_0_to_13_2_7_negated_goal_bmc_40.smt2,p1-simplify-smt,False,30.0000
non-incremental/QF_DT/20230720-blocksworld/blocksworld_from_21_0_4_to_10_10_5_negated_goal_bmc_32.smt2,h4-case-split-6,False,30.0000
non-incremental/QF_DT/20230720-blocksworld/blocksworld_from_21_0_4_to_10_10_5_negated_goal_bmc_40.smt2,p1-simplify-smt,False,30.0000
non-incremental/QF_DT/20230720-blocksworld/blocksworld_from_21_1_2_to_14_3_7_negated_goal_bmc_33.smt2,h4-case-split-6,False,30.0000
non-incremental/QF_DT/20230720-blocksworld/blocksworld_from_21_1_2_to_14_3_7_negated_goal_bmc_34.smt2,h4-case-split-6,False,30.0000
non-incremental/QF_DT/20230720-blocksworld/blocksworld_from_21_1_2_to_14_3_7_negated_goal_bmc_7.smt2,h10-case-2-lazy2,True,2.5054
non-incremental/QF_DT/20230720-blocksworld/blocksworld_from_21_4_1_to_0_23_3_negated_goal_bmc_18.smt2,h2-dt-lazy-all,False,30.0000
non-incremental/QF_DT/20230720-blocksworld/blocksworld_from_21_4_1_to_0_23_3_negated_goal_bmc_23.smt2,h4-case-split-6,False,30.0000
non-incremental/QF_DT/20230720-blocksworld/blocksworld_from_21_4_1_to_0_23_3_negated_goal_bmc_24.smt2,h4-case-split-6,False,30.0000
non-incremental/QF_DT/20230720-blocksworld/blocksworld_from_21_4_1_to_0_23_3_negated_goal_bmc_34.smt2,h4-case-split-6,False,30.0000
non-incremental/QF_DT/20230720-blocksworld/blocksworld_from_21_4_1_to_0_23_3_negated_goal_bmc_50.smt2,p1-simplify-smt,False,30.0000
non-incremental/QF_DT/20230720-blocksworld/blocksworld_from_21_4_1_to_0_23_3_negated_goal_bmc_7.smt2,h10-case-2-lazy2,True,0.2422
non-incremental/QF_DT/20230720-blocksworld/blocksworld_from_22_0_2_to_9_12_3_negated_goal_bmc_43.smt2,p1-simplify-smt,False,30.0000
non-incremental/QF_DT/20230720-blocksworld/blocksworld_from_22_1_2_to_7_15_3_negated_goal_bmc_38.smt2,p1-simplify-smt,False,30.0000
non-incremental/QF_DT/20230720-blocksworld/blocksworld_from_23_1_0_to_8_9_7_negated_goal_bmc_31.smt2,h4-case-split-6,False,30.0000
non-incremental/QF_DT/20230720-blocksworld/blocksworld_from_23_1_0_to_8_9_7_negated_goal_bmc_5.smt2,h10-case-2-lazy2,True,0.0971
non-incremental/QF_DT/20230720-blocksworld/blocksworld_from_24_1_0_to_20_2_3_negated_goal_bmc_34.smt2,h4-case-split-6,False,30.0000
non-incremental/QF_DT/20230720-blocksworld/blocksworld_from_25_0_0_to_9_6_10_negated_goal_bmc_0.smt2,h10-case-2-lazy2,True,0.0254
non-incremental/QF_DT/20230720-blocksworld/blocksworld_from_2_0_19_to_2_8_11_negated_goal_bmc_11.smt2,h2-dt-lazy-all,False,30.0000
non-incremental/QF_DT/20230720-blocksworld/blocksworld_from_2_0_19_to_2_8_11_negated_goal_bmc_22.smt2,h4-case-split-6,False,30.0000
non-incremental/QF_DT/20230720-blocksworld/blocksworld_from_2_0_7_to_1_1_7_negated_goal_bmc_12.smt2,h2-dt-lazy-all,False,30.0000
non-incremental/QF_DT/20230720-blocksworld/blocksworld_from_2_12_9_to_0_10_13_negated_goal_bmc_4.smt2,h10-case-2-lazy2,True,0.0436
non-incremental/QF_DT/20230720-blocksworld/blocksworld_from_2_1_11_to_9_3_2_negated_goal_bmc_21.smt2,h4-case-split-6,False,30.0000
non-incremental/QF_DT/20230720-blocksworld/blocksworld_from_2_1_3_to_6_0_0_negated_goal_bmc_6.smt2,h10-case-2-lazy2,True,0.2517
non-incremental/QF_DT/20230720-blocksworld/blocksworld_from_2_1_9_to_0_9_3_negated_goal_bmc_14.smt2,h2-dt-lazy-all,False,30.0000
non-incremental/QF_DT/20230720-blocksworld/blocksworld_from_2_4_0_to_0_3_3_negated_goal_bmc_1.smt2,h10-case-2-lazy2,True,0.0238
non-incremental/QF_DT/20230720-blocksworld/blocksworld_from_2_4_0_to_0_3_3_negated_goal_bmc_7.smt2,h10-case-2-lazy2,True,1.6232
non-incremental/QF_DT/20230720-blocksworld/blocksworld_from_2_5_13_to_12_7_1_negated_goal_bmc_1.smt2,h10-case-2-lazy2,True,0.0288
non-incremental/QF_DT/20230720-blocksworld/blocksworld_from_2_5_13_to_12_7_1_negated_goal_bmc_26.smt2,h4-case-split-6,False,30.0000
non-incremental/QF_DT/20230720-blocksworld/blocksworld_from_2_6_2_to_3_4_3_negated_goal_bmc_10.smt2,h2-dt-lazy-all,False,30.0000
non-incremental/QF_DT/20230720-blocksworld/blocksworld_from_2_6_2_to_3_4_3_negated_goal_bmc_7.smt2,h10-case-2-lazy2,True,2.8489
non-incremental/QF_DT/20230720-blocksworld/blocksworld_from_2_8_5_to_9_6_0_negated_goal_bmc_26.smt2,h4-case-split-6,False,30.0000
non-incremental/QF_DT/20230720-blocksworld/blocksworld_from_3_0_3_to_1_2_3_negated_goal_bmc_4.smt2,h10-case-2-lazy2,True,0.0523
non-incremental/QF_DT/20230720-blocksworld/blocksworld_from_3_1_18_to_3_16_3_negated_goal_bmc_1.smt2,h10-case-2-lazy2,True,0.0213
non-incremental/QF_DT/20230720-blocksworld/blocksworld_from_3_1_18_to_3_16_3_negated_goal_bmc_25.smt2,h4-case-split-6,False,30.0000
non-incremental/QF_DT/20230720-blocksworld/blocksworld_from_3_1_18_to_3_16_3_negated_goal_bmc_26.smt2,h4-case-split-6,False,30.0000
non-incremental/QF_DT/20230720-blocksworld/blocksworld_from_3_1_18_to_3_16_3_negated_goal_bmc_39.smt2,p1-simplify-smt,False,30.0000
non-incremental/QF_DT/20230720-blocksworld/blocksworld_from_3_1_18_to_3_16_3_negated_goal_bmc_8.smt2,h10-case-2-lazy2,True,5.8463
non-incremental/QF_DT/20230720-blocksworld/blocksworld_from_3_1_20_to_23_0_1_negated_goal_bmc_25.smt2,h4-case-split-6,False,30.0000
non-incremental/QF_DT/20230720-blocksworld/blocksworld_from_3_1_20_to_23_0_1_negated_goal_bmc_6.smt2,h10-case-2-lazy2,True,0.3072
non-incremental/QF_DT/20230720-blocksworld/blocksworld_from_3_4_1_to_7_0_1_negated_goal_bmc_0.smt2,h10-case-2-lazy2,True,0.0169
non-incremental/QF_DT/20230720-blocksworld/blocksworld_from_3_4_6_to_1_9_3_negated_goal_bmc_19.smt2,h4-case-split-6,False,30.0000
non-incremental/QF_DT/20230720-blocksworld/blocksworld_from_3_5_0_to_8_0_0_negated_goal_bmc_6.smt2,h10-case-2-lazy2,True,0.0552
non-incremental/QF_DT/20230720-blocksworld/blocksworld_from_3_5_10_to_17_0_1_negated_goal_bmc_8.smt2,h10-case-2-lazy2,True,0.9941
non-incremental/QF_DT/20230720-blocksworld/blocksworld_from_4_0_1_to_1_1_3_negated_goal_bmc_7.smt2,h10-case-2-lazy2,True,0.7378
non-incremental/QF_DT/20230720-blocksworld/blocksworld_from_4_0_5_to_8_0_1_negated_goal_bmc_1.smt2,h10-case-2-lazy2,True,0.0249
non-incremental/QF_DT/20230720-blocksworld/blocksworld_from_4_0_5_to_8_0_1_negated_goal_bmc_8.smt2,h10-case-2-lazy2,True,3.3356
non-incremental/QF_DT/20230720-blocksworld/blocksworld_from_4_10_4_to_15_0_3_negated_goal_bmc_20.smt2,h4-case-split-6,False,30.0000
non-incremental/QF_DT/20230720-blocksworld/blocksworld_from_4_19_1_to_0_8_16_negated_goal_bmc_33.smt2,h4-case-split-6,False,30.0000
non-incremental/QF_DT/20230720-blocksworld/blocksworld_from_4_19_1_to_0_8_16_negated_goal_bmc_4.smt2,h10-case-2-lazy2,True,0.0524
non-incremental/QF_DT/20230720-blocksworld/blocksworld_from_4_19_1_to_0_8_16_negated_goal_bmc_6.smt2,h10-case-2-lazy2,True,0.3251
non-incremental/QF_DT/20230720-blocksworld/blocksworld_from_4_1_2_to_4_2_1_negated_goal_bmc_0.smt2,h10-case-2-lazy2,True,0.0273
non-incremental/QF_DT/20230720-blocksworld/blocksworld_from_4_1_4_to_1_0_8_negated_goal_bmc_11.smt2,h2-dt-lazy-all,False,30.0000
non-incremental/QF_DT/20230720-blocksworld/blocksworld_from_4_2_4_to_3_2_5_negated_goal_bmc_4.smt2,h10-case-2-lazy2,True,0.0534
non-incremental/QF_DT/20230720-blocksworld/blocksworld_from_4_2_8_to_7_1_6_negated_goal_bmc_16.smt2,h2-dt-lazy-all,False,30.0000
non-incremental/QF_DT/20230720-blocksworld/blocksworld_from_4_4_3_to_4_3_4_negated_goal_bmc_20.smt2,h4-case-split-6,False,30.0000
non-incremental/QF_DT/20230720-blocksworld/blocksworld_from_4_4_4_to_1_0_11_negated_goal_bmc_22.smt2,h4-case-split-6,False,30.0000
non-incremental/QF_DT/20230720-blocksworld/blocksworld_from_5_0_0_to_5_0_0_negated_goal_bmc_8.smt2,h10-case-2-lazy2,True,0.4951
non-incremental/QF_DT/20230720-blocksworld/blocksworld_from_5_0_1_to_1_1_4_negated_goal_bmc_6.smt2,h10-case-2-lazy2,True,0.5120
non-incremental/QF_DT/20230720-blocksworld/blocksworld_from_5_0_8_to_7_5_1_negated_goal_bmc_12.smt2,h2-dt-lazy-all,False,30.0000
non-incremental/QF_DT/20230720-blocksworld/blocksworld_from_5_10_6_to_18_1_2_negated_goal_bmc_27.smt2,h4-case-split-6,False,30.0000
non-incremental/QF_DT/20230720-blocksworld/blocksworld_from_5_10_6_to_18_1_2_negated_goal_bmc_28.smt2,h4-case-split-6,False,30.0000
non-incremental/QF_DT/20230720-blocksworld/blocksworld_from_5_10_6_to_18_1_2_negated_goal_bmc_39.smt2,p1-simplify-smt,False,30.0000
non-incremental/QF_DT/20230720-blocksworld/blocksworld_from_5_1_10_to_4_9_3_negated_goal_bmc_14.smt2,h2-dt-lazy-all,False,30.0000
non-incremental/QF_DT/20230720-blocksworld/blocksworld_from_5_1_10_to_4_9_3_negated_goal_bmc_3.smt2,h10-case-2-lazy2,True,0.0329
non-incremental/QF_DT/20230720-blocksworld/blocksworld_from_5_1_10_to_4_9_3_negated_goal_bmc_8.smt2,h10-case-2-lazy2,True,5.5209
non-incremental/QF_DT/20230720-blocksworld/blocksworld_from_5_1_2_to_3_3_2_negated_goal_bmc_12.smt2,h2-dt-lazy-all,False,30.0000
non-incremental/QF_DT/20230720-blocksworld/blocksworld_from_5_21_0_to_20_6_0_negated_goal_bmc_1.smt2,h10-case-2-lazy2,True,0.0260
non-incremental/QF_DT/20230720-blocksworld/blocksworld_from_5_21_0_to_20_6_0_negated_goal_bmc_42.smt2,p1-simplify-smt,False,30.0000
non-incremental/QF_DT/20230720-blocksworld/blocksworld_from_5_21_0_to_20_6_0_negated_goal_bmc_44.smt2,p1-simplify-smt,False,30.0000
non-incremental/QF_DT/20230720-blocksworld/blocksworld_from_5_21_0_to_20_6_0_negated_goal_bmc_9.smt2,h10-case-2-lazy2,True,20.9581
non-incremental/QF_DT/20230720-blocksworld/blocksworld_from_5_2_3_to_9_0_1_negated_goal_bmc_2.smt2,h10-case-2-lazy2,True,0.0308
non-incremental/QF_DT/20230720-blocksworld/blocksworld_from_5_2_5_to_10_1_1_negated_goal_bmc_13.smt2,h2-dt-lazy-all,False,30.0000
non-incremental/QF_DT/20230720-blocksworld/blocksworld_from_5_4_17_to_12_6_8_negated_goal_bmc_13.smt2,h2-dt-lazy-all,False,30.0000
non-incremental/QF_DT/20230720-blocksworld/blocksworld_from_5_4_17_to_12_6_8_negated_goal_bmc_16.smt2,h2-dt-lazy-all,False,30.0000
non-incremental/QF_DT/20230720-blocksworld/blocksworld_from_5_4_17_to_12_6_8_negated_goal_bmc_22.smt2,h4-case-split-6,False,30.0000
non-incremental/QF_DT/20230720-blocksworld/blocksworld_from_5_4_17_to_12_6_8_negated_goal_bmc_30.smt2,h4-case-split-6,False,30.0000
non-incremental/QF_DT/20230720-blocksworld/blocksworld_from_5_4_17_to_12_6_8_negated_goal_bmc_39.smt2,p1-simplify-smt,False,30.0000
non-incremental/QF_DT/20230720-blocksworld/blocksworld_from_5_4_17_to_12_6_8_negated_goal_bmc_49.smt2,p1-simplify-smt,False,30.0000
non-incremental/QF_DT/20230720-blocksworld/blocksworld_from_5_4_17_to_12_6_8_negated_goal_bmc_50.smt2,p1-simplify-smt,False,30.0000
non-incremental/QF_DT/20230720-blocksworld/blocksworld_from_5_5_0_to_7_0_3_negated_goal_bmc_5.smt2,h10-case-2-lazy2,True,0.0490
non-incremental/QF_DT/20230720-blocksworld/blocksworld_from_5_6_3_to_4_3_7_negated_goal_bmc_18.smt2,h2-dt-lazy-all,False,30.0000
non-incremental/QF_DT/20230720-blocksworld/blocksworld_from_5_7_12_to_9_3_12_negated_goal_bmc_19.smt2,h4-case-split-6,False,30.0000
non-incremental/QF_DT/20230720-blocksworld/blocksworld_from_5_7_12_to_9_3_12_negated_goal_bmc_3.smt2,h10-case-2-lazy2,True,0.0365
non-incremental/QF_DT/20230720-blocksworld/blocksworld_from_5_7_5_to_8_8_1_negated_goal_bmc_21.smt2,h4-case-split-6,False,30.0000
non-incremental/QF_DT/20230720-blocksworld/blocksworld_from_5_7_5_to_8_8_1_negated_goal_bmc_32.smt2,h4-case-split-6,False,30.0000
non-incremental/QF_DT/20230720-blocksworld/blocksworld_from_5_8_2_to_8_0_7_negated_goal_bmc_12.smt2,h2-dt-lazy-all,True,22.0913
non-incremental/QF_DT/20230720-blocksworld/blocksworld_from_5_8_8_to_0_0_21_negated_goal_bmc_15.smt2,h2-dt-lazy-all,False,30.0000
non-incremental/QF_DT/20230720-blocksworld/blocksworld_from_5_8_8_to_0_0_21_negated_goal_bmc_35.smt2,h4-case-split-6,False,30.0000
non-incremental/QF_DT/20230720-blocksworld/blocksworld_from_5_9_3_to_13_1_3_negated_goal_bmc_8.smt2,h10-case-2-lazy2,True,1.9993
non-incremental/QF_DT/20230720-blocksworld/blocksworld_from_6_0_2_to_2_5_1_negated_goal_bmc_2.smt2,h10-case-2-lazy2,True,0.0256
non-incremental/QF_DT/20230720-blocksworld/blocksworld_from_6_1_11_to_6_0_12_negated_goal_bmc_10.smt2,h2-dt-lazy-all,False,30.0000
non-incremental/QF_DT/20230720-blocksworld/blocksworld_from_6_1_11_to_6_0_12_negated_goal_bmc_22.smt2,h4-case-split-6,False,30.0000
non-incremental/QF_DT/20230720-blocksworld/blocksworld_from_6_1_11_to_6_0_12_negated_goal_bmc_27.smt2,h4-case-split-6,False,30.0000
non-incremental/QF_DT/20230720-blocksworld/blocksworld_from_6_20_0_to_1_12_13_negated_goal_bmc_12.smt2,h2-dt-lazy-all,True,23.2165
non-incremental/QF_DT/20230720-blocksworld/blocksworld_from_6_20_0_to_1_12_13_negated_goal_bmc_41.smt2,p1-simplify-smt,False,30.0000
non-incremental/QF_DT/20230720-blocksworld/blocksworld_from_6_4_13_to_0_16_7_negated_goal_bmc_23.smt2,h4-case-split-6,False,30.0000
non-incremental/QF_DT/20230720-blocksworld/blocksworld_from_6_4_13_to_0_16_7_negated_goal_bmc_27.smt2,h4-case-split-6,False,30.0000
non-incremental/QF_DT/20230720-blocksworld/blocksworld_from_7_0_15_to_7_2_13_negated_goal_bmc_28.smt2,h4-case-split-6,False,30.0000
non-incremental/QF_DT/20230720-blocksworld/blocksworld_from_7_1_1_to_8_1_0_negated_goal_bmc_14.smt2,h2-dt-lazy-all,False,30.0000
non-incremental/QF_DT/20230720-blocksworld/blocksworld_from_7_3_12_to_12_0_10_negated_goal_bmc_5.smt2,h10-case-2-lazy2,True,0.0692
non-incremental/QF_DT/20230720-blocksworld/blocksworld_from_7_3_12_to_12_0_10_negated_goal_bmc_8.smt2,h10-case-2-lazy2,True,2.0775
non-incremental/QF_DT/20230720-blocksworld/blocksworld_from_7_3_1_to_5_6_0_negated_goal_bmc_11.smt2,h2-dt-lazy-all,False,30.0000
non-incremental/QF_DT/20230720-blocksworld/blocksworld_from_7_3_1_to_5_6_0_negated_goal_bmc_14.smt2,h2-dt-lazy-all,False,30.0000
non-incremental/QF_DT/20230720-blocksworld/blocksworld_from_7_4_13_to_4_14_6_negated_goal_bmc_20.smt2,h4-case-split-6,False,30.0000
non-incremental/QF_DT/20230720-blocksworld/blocksworld_from_7_4_13_to_4_14_6_negated_goal_bmc_8.smt2,h10-case-2-lazy2,True,6.3938
non-incremental/QF_DT/20230720-blocksworld/blocksworld_from_7_5_0_to_1_8_3_negated_goal_bmc_17.smt2,h2-dt-lazy-all,False,30.0000
non-incremental/QF_DT/20230720-blocksworld/blocksworld_from_8_10_1_to_5_9_5_negated_goal_bmc_30.smt2,h4-case-split-6,False,30.0000
non-incremental/QF_DT/20230720-blocksworld/blocksworld_from_8_10_1_to_5_9_5_negated_goal_bmc_4.smt2,h10-case-2-lazy2,True,0.0493
non-incremental/QF_DT/20230720-blocksworld/blocksworld_from_8_2_1_to_10_1_0_negated_goal_bmc_8.smt2,h10-case-2-lazy2,True,9.0499
non-incremental/QF_DT/20230720-blocksworld/blocksworld_from_8_2_4_to_0_3_11_negated_goal_bmc_18.smt2,h2-dt-lazy-all,False,30.0000
non-incremental/QF_DT/20230720-blocksworld/blocksworld_from_8_6_9_to_13_1_9_negated_goal_bmc_15.smt2,h2-dt-lazy-all,False,30.0000
non-incremental/QF_DT/20230720-blocksworld/blocksworld_from_8_6_9_to_13_1_9_negated_goal_bmc_22.smt2,h4-case-split-6,False,30.0000
non-incremental/QF_DT/20230720-blocksworld/blocksworld_from_8_6_9_to_13_1_9_negated_goal_bmc_27.smt2,h4-case-split-6,False,30.0000
non-incremental/QF_DT/20230720-blocksworld/blocksworld_from_8_8_1_to_9_4_4_negated_goal_bmc_6.smt2,h10-case-2-lazy2,True,0.3040
non-incremental/QF_DT/20230720-blocksworld/blocksworld_from_9_12_5_to_20_1_5_negated_goal_bmc_12.smt2,h2-dt-lazy-all,True,29.6141
non-incremental/QF_DT/20230720-blocksworld/blocksworld_from_9_12_5_to_20_1_5_negated_goal_bmc_20.smt2,h4-case-split-6,False,30.0000
non-incremental/QF_DT/20230720-blocksworld/blocksworld_from_9_12_5_to_20_1_5_negated_goal_bmc_49.smt2,p1-simplify-smt,False,30.0000
non-incremental/QF_DT/20230720-blocksworld/blocksworld_from_9_1_5_to_8_0_7_negated_goal_bmc_27.smt2,h4-case-split-6,False,30.0000
non-incremental/QF_DT/20230720-blocksworld/blocksworld_from_9_1_7_to_11_1_5_negated_goal_bmc_29.smt2,h4-case-split-6,False,30.0000
non-incremental/QF_DT/20230720-blocksworld/blocksworld_from_9_4_4_to_14_1_2_negated_goal_bmc_3.smt2,h10-case-2-lazy2,True,0.0356
non-incremental/QF_DT/20230720-blocksworld/blocksworld_from_9_7_0_to_9_6_1_negated_goal_bmc_22.smt2,h4-case-split-6,False,30.0000
non-incremental/QF_DT/20230720-blocksworld/blocksworld_from_9_7_0_to_9_6_1_negated_goal_bmc_25.smt2,h4-case-split-6,False,30.0000
non-incremental/QF_DT/20230720-blocksworld/blocksworld_from_9_9_2_to_12_5_3_negated_goal_bmc_1.smt2,h10-case-2-lazy2,True,0.0300
non-incremental/QF_DT/20230720-blocksworld/blocksworld_from_9_9_2_to_12_5_3_negated_goal_bmc_4.smt2,h10-case-2-lazy2,True,0.0425
non-incremental/QF_DT/20230720-blocksworld/blocksworld_from_9_9_2_to_12_5_3_negated_goal_bmc_6.smt2,h10-case-2-lazy2,True,0.3602
non-incremental/QF_UFDT/20210312-Bouvier/vlsat3_e00.smt2,h3-case-split-3,False,30.0000
non-incremental/QF_UFDT/20210312-Bouvier/vlsat3_e01.smt2,h3-case-split-3,True,6.0796
non-incremental/QF_UFDT/20210312-Bouvier/vlsat3_e02.smt2,h3-case-split-3,False,30.0000
non-incremental/QF_UFDT/20210312-Bouvier/vlsat3_e03.smt2,h3-case-split-3,False,30.0000
non-incremental/QF_UFDT/20210312-Bouvier/vlsat3_e04.smt2,h3-case-split-3,False,30.0000
non-incremental/QF_UFDT/20210312-Bouvier/vlsat3_e05.smt2,h4-case-split-6,True,27.8027
non-incremental/QF_UFDT/20210312-Bouvier/vlsat3_e06.smt2,h3-case-split-3,False,30.0000
non-incremental/QF_UFDT/20210312-Bouvier/vlsat3_e07.smt2,h3-case-split-3,False,30.0000
non-incremental/QF_UFDT/20210312-Bouvier/vlsat3_e08.smt2,h3-case-split-3,False,30.0000
non-incremental/QF_UFDT/20210312-Bouvier/vlsat3_e09.smt2,h3-case-split-3,False,30.0000
non-incremental/QF_UFDT/20210312-Bouvier/vlsat3_e10.smt2,h3-case-split-3,False,30.0000
non-incremental/QF_UFDT/20210312-Bouvier/vlsat3_e11.smt2,h3-case-split-3,False,30.0000
non-incremental/QF_UFDT/20210312-Bouvier/vlsat3_e12.smt2,h3-case-split-3,False,30.0000
non-incremental/QF_UFDT/20210312-Bouvier/vlsat3_e13.smt2,h3-case-split-3,False,30.0000
non-incremental/QF_UFDT/20210312-Bouvier/vlsat3_e14.smt2,h3-case-split-3,False,30.0000
non-incremental/QF_UFDT/20210312-Bouvier/vlsat3_e15.smt2,h3-case-split-3,False,30.0000
non-incremental/QF_UFDT/20210312-Bouvier/vlsat3_e16.smt2,h4-case-split-6,False,30.0000
non-incremental/QF_UFDT/20210312-Bouvier/vlsat3_e17.smt2,h4-case-split-6,False,30.0000
non-incremental/QF_UFDT/20210312-Bouvier/vlsat3_e18.smt2,h3-case-split-3,False,30.0000
non-incremental/QF_UFDT/20210312-Bouvier/vlsat3_e19.smt2,h3-case-split-3,False,30.0000
non-incremental/QF_UFDT/20210312-Bouvier/vlsat3_e20.smt2,h3-case-split-3,False,30.0000
non-incremental/QF_UFDT/20210312-Bouvier/vlsat3_e21.smt2,h3-case-split-3,False,30.0000
non-incremental/QF_UFDT/20210312-Bouvier/vlsat3_e22.smt2,h3-case-split-3,False,30.0000
non-incremental/QF_UFDT/20210312-Bouvier/vlsat3_e23.smt2,h3-case-split-3,False,30.0000
non-incremental/QF_UFDT/20210312-Bouvier/vlsat3_e24.smt2,h3-case-split-3,False,30.0000
non-incremental/QF_UFDT/20210312-Bouvier/vlsat3_e25.smt2,h3-case-split-3,False,30.0000
non-incremental/QF_UFDT/20210312-Bouvier/vlsat3_e26.smt2,h3-case-split-3,False,30.0000
non-incremental/QF_UFDT/20210312-Bouvier/vlsat3_e27.smt2,h3-case-split-3,False,30.0000
non-incremental/QF_UFDT/20210312-Bouvier/vlsat3_e28.smt2,h3-case-split-3,False,30.0000
non-incremental/QF_UFDT/20210312-Bouvier/vlsat3_e29.smt2,h3-case-split-3,False,30.0000
non-incremental/QF_UFDT/20210312-Bouvier/vlsat3_e30.smt2,h3-case-split-3,False,30.0000
non-incremental/QF_UFDT/20210312-Bouvier/vlsat3_e31.smt2,h3-case-split-3,False,30.0000
non-incremental/QF_UFDT/20210312-Bouvier/vlsat3_e32.smt2,h3-case-split-3,False,30.0000
non-incremental/QF_UFDT/20210312-Bouvier/vlsat3_e33.smt2,h3-case-split-3,False,30.0000
non-incremental/QF_UFDT/20210312-Bouvier/vlsat3_e34.smt2,h3-case-split-3,False,30.0000
non-incremental/QF_UFDT/20210312-Bouvier/vlsat3_e35.smt2,h3-case-split-3,False,30.0000
non-incremental/QF_UFDT/20210312-Bouvier/vlsat3_e36.smt2,h3-case-split-3,False,30.0000
non-incremental/QF_UFDT/20210312-Bouvier/vlsat3_e37.smt2,h4-case-split-6,False,30.0000
non-incremental/QF_UFDT/20210312-Bouvier/vlsat3_e38.smt2,h3-case-split-3,False,30.0000
non-incremental/QF_UFDT/20210312-Bouvier/vlsat3_e39.smt2,h3-case-split-3,False,30.0000
non-incremental/QF_UFDT/20210312-Bouvier/vlsat3_e40.smt2,h3-case-split-3,False,30.0000
non-incremental/QF_UFDT/20210312-Bouvier/vlsat3_e41.smt2,h3-case-split-3,False,30.0000
non-incremental/QF_UFDT/20210312-Bouvier/vlsat3_e42.smt2,h3-case-split-3,False,30.0000
non-incremental/QF_UFDT/20210312-Bouvier/vlsat3_e43.smt2,h3-case-split-3,False,30.0000
non-incremental/QF_UFDT/20210312-Bouvier/vlsat3_e44.smt2,h3-case-split-3,False,30.0000
non-incremental/QF_UFDT/20210312-Bouvier/vlsat3_e45.smt2,h3-case-split-3,False,30.0000
non-incremental/QF_UFDT/20210312-Bouvier/vlsat3_e46.smt2,h3-case-split-3,False,30.0000
non-incremental/QF_UFDT/20210312-Bouvier/vlsat3_e47.smt2,h3-case-split-3,False,30.0000
non-incremental/QF_UFDT/20210312-Bouvier/vlsat3_e48.smt2,h3-case-split-3,False,30.0000
non-incremental/QF_UFDT/20210312-Bouvier/vlsat3_e49.smt2,h3-case-split-3,False,30.0000
non-incremental/QF_UFDT/20210312-Bouvier/vlsat3_e50.smt2,h3-case-split-3,False,30.0000
non-incremental/QF_UFDT/20210312-Bouvier/vlsat3_e51.smt2,h3-case-split-3,False,30.0000
non-incremental/QF_UFDT/20210312-Bouvier/vlsat3_e52.smt2,h3-case-split-3,False,30.0000
non-incremental/QF_UFDT/20210312-Bouvier/vlsat3_e53.smt2,h3-case-split-3,False,30.0000
non-incremental/QF_UFDT/20210312-Bouvier/vlsat3_e54.smt2,h3-case-split-3,False,30.0000
non-incremental/QF_UFDT/20210312-Bouvier/vlsat3_e55.smt2,h3-case-split-3,False,30.0000
non-incremental/QF_UFDT/20210312-Bouvier/vlsat3_e56.smt2,h3-case-split-3,False,30.0000
non-incremental/QF_UFDT/20210312-Bouvier/vlsat3_e57.smt2,h3-case-split-3,False,30.0000
non-incremental/QF_UFDT/20210312-Bouvier/vlsat3_e58.smt2,h3-case-split-3,False,30.0000
non-incremental/QF_UFDT/20210312-Bouvier/vlsat3_e59.smt2,h3-case-split-3,False,30.0000
non-incremental/QF_UFDT/20210312-Bouvier/vlsat3_e60.smt2,h3-case-split-3,False,30.0000
non-incremental/QF_UFDT/20210312-Bouvier/vlsat3_e61.smt2,h3-case-split-3,False,30.0000
non-incremental/QF_UFDT/20210312-Bouvier/vlsat3_e62.smt2,h3-case-split-3,False,30.0000
non-incremental/QF_UFDT/20210312-Bouvier/vlsat3_e63.smt2,h3-case-split-3,False,30.0000
non-incremental/QF_UFDT/20210312-Bouvier/vlsat3_e64.smt2,h3-case-split-3,False,30.0000
non-incremental/QF_UFDT/20210312-Bouvier/vlsat3_e65.smt2,h3-case-split-3,False,30.0000
non-incremental/QF_UFDT/20210312-Bouvier/vlsat3_e66.smt2,h3-case-split-3,False,30.0000
non-incremental/QF_UFDT/20210312-Bouvier/vlsat3_e67.smt2,h3-case-split-3,False,30.0000
non-incremental/QF_UFDT/20210312-Bouvier/vlsat3_e68.smt2,h3-case-split-3,False,30.0000
non-incremental/QF_UFDT/20210312-Bouvier/vlsat3_e69.smt2,h4-case-split-6,False,30.0000
non-incremental/QF_UFDT/20210312-Bouvier/vlsat3_e70.smt2,h3-case-split-3,False,30.0000
non-incremental/QF_UFDT/20210312-Bouvier/vlsat3_e71.smt2,h3-case-split-3,False,30.0000
non-incremental/QF_UFDT/20210312-Bouvier/vlsat3_e72.smt2,h3-case-split-3,False,30.0000
non-incremental/QF_UFDT/20210312-Bouvier/vlsat3_e73.smt2,h4-case-split-6,False,30.0000
non-incremental/QF_UFDT/20210312-Bouvier/vlsat3_e74.smt2,h3-case-split-3,False,30.0000
non-incremental/QF_UFDT/20210312-Bouvier/vlsat3_e75.smt2,h3-case-split-3,False,30.0000
non-incremental/QF_UFDT/20210312-Bouvier/vlsat3_e76.smt2,h3-case-split-3,False,30.0000
non-incremental/QF_UFDT/20210312-Bouvier/vlsat3_e77.smt2,h3-case-split-3,False,30.0000
non-incremental/QF_UFDT/20210312-Bouvier/vlsat3_e78.smt2,h3-case-split-3,False,30.0000
non-incremental/QF_UFDT/20210312-Bouvier/vlsat3_e79.smt2,h4-case-split-6,False,30.0000
non-incremental/QF_UFDT/20210312-Bouvier/vlsat3_e80.smt2,h3-case-split-3,False,30.0000
non-incremental/QF_UFDT/20210312-Bouvier/vlsat3_e81.smt2,h3-case-split-3,False,30.0000
non-incremental/QF_UFDT/20210312-Bouvier/vlsat3_e82.smt2,h4-case-split-6,False,30.0000
non-incremental/QF_UFDT/20210312-Bouvier/vlsat3_e83.smt2,h3-case-split-3,False,30.0000
non-incremental/QF_UFDT/20210312-Bouvier/vlsat3_e84.smt2,h3-case-split-3,False,30.0000
non-incremental/QF_UFDT/20210312-Bouvier/vlsat3_e85.smt2,h3-case-split-3,False,30.0000
non-incremental/QF_UFDT/20210312-Bouvier/vlsat3_e86.smt2,h3-case-split-3,False,30.0000
non-incremental/QF_UFDT/20210312-Bouvier/vlsat3_e87.smt2,h3-case-split-3,False,30.0000
non-incremental/QF_UFDT/20210312-Bouvier/vlsat3_e88.smt2,h3-case-split-3,False,30.0000
non-incremental/QF_UFDT/20210312-Bouvier/vlsat3_e89.smt2,h4-case-split-6,False,30.0000
non-incremental/QF_UFDT/20210312-Bouvier/vlsat3_e90.smt2,h4-case-split-6,False,30.0000
non-incremental/QF_UFDT/20210312-Bouvier/vlsat3_e91.smt2,h3-case-split-3,False,30.0000
non-incremental/QF_UFDT/20210312-Bouvier/vlsat3_e92.smt2,h3-case-split-3,False,30.0000
non-incremental/QF_UFDT/20210312-Bouvier/vlsat3_e93.smt2,h3-case-split-3,False,30.0000
non-incremental/QF_UFDT/20210312-Bouvier/vlsat3_e94.smt2,h3-case-split-3,False,30.0000
non-incremental/QF_UFDT/20210312-Bouvier/vlsat3_e95.smt2,h4-case-split-6,False,30.0000
non-incremental/QF_UFDT/20210312-Bouvier/vlsat3_e96.smt2,p1-simplify-smt,False,30.0000
non-incremental/QF_UFDT/20210312-Bouvier/vlsat3_e97.smt2,p1-simplify-smt,False,30.0000
non-incremental/QF_UFDT/20210312-Bouvier/vlsat3_e98.smt2,h3-case-split-3,False,30.0000
non-incremental/QF_UFDT/20210312-Bouvier/vlsat3_e99.smt2,h3-case-split-3,False,30.0000
non-incremental/QF_UFDT/20210312-Bouvier/vlsat3_k00.smt2,p1-simplify-smt,True,1.5802
non-incremental/QF_UFDT/20210312-Bouvier/vlsat3_k01.smt2,p1-simplify-smt,True,17.6513
non-incremental/QF_UFDT/20210312-Bouvier/vlsat3_k02.smt2,p1-simplify-smt,True,19.4848
non-incremental/QF_UFDT/20210312-Bouvier/vlsat3_k03.smt2,p1-simplify-smt,True,12.5841
non-incremental/QF_UFDT/20210312-Bouvier/vlsat3_k04.smt2,p1-simplify-smt,False,30.0000
non-incremental/QF_UFDT/20210312-Bouvier/vlsat3_k05.smt2,p1-simplify-smt,False,30.0000
non-incremental/QF_UFDT/20210312-Bouvier/vlsat3_k06.smt2,p1-simplify-smt,False,30.0000
non-incremental/QF_UFDT/20210312-Bouvier/vlsat3_k07.smt2,p1-simplify-smt,False,30.0000
non-incremental/QF_UFDT/20210312-Bouvier/vlsat3_k08.smt2,p1-simplify-smt,False,30.0000
non-incremental/QF_UFDT/20210312-Bouvier/vlsat3_k09.smt2,p1-simplify-smt,True,27.2034
non-incremental/QF_UFDT/20210312-Bouvier/vlsat3_k10.smt2,p1-simplify-smt,False,30.0000
non-incremental/QF_UFDT/20210312-Bouvier/vlsat3_k11.smt2,p1-simplify-smt,False,30.0000
non-incremental/QF_UFDT/20210312-Bouvier/vlsat3_k12.smt2,p1-simplify-smt,True,24.5634
non-incremental/QF_UFDT/20210312-Bouvier/vlsat3_k13.smt2,h3-case-split-3,False,30.0000
non-incremental/QF_UFDT/20210312-Bouvier/vlsat3_k14.smt2,p1-simplify-smt,True,8.1715
non-incremental/QF_UFDT/20210312-Bouvier/vlsat3_k15.smt2,h3-case-split-3,False,30.0000
non-incremental/QF_UFDT/20210312-Bouvier/vlsat3_k16.smt2,h3-case-split-3,False,30.0000
non-incremental/QF_UFDT/20210312-Bouvier/vlsat3_k17.smt2,p1-simplify-smt,False,30.0000
non-incremental/QF_UFDT/20210312-Bouvier/vlsat3_k18.smt2,h3-case-split-3,False,30.0000
non-incremental/QF_UFDT/20210312-Bouvier/vlsat3_k19.smt2,p1-simplify-smt,True,4.3272
non-incremental/QF_UFDT/20210312-Bouvier/vlsat3_k20.smt2,p1-simplify-smt,True,14.4743
non-incremental/QF_UFDT/20210312-Bouvier/vlsat3_k21.smt2,p1-simplify-smt,True,23.8583
non-incremental/QF_UFDT/20210312-Bouvier/vlsat3_k22.smt2,p1-simplify-smt,True,4.6103
non-incremental/QF_UFDT/20210312-Bouvier/vlsat3_k23.smt2,h3-case-split-3,False,30.0000
non-incremental/QF_UFDT/20210312-Bouvier/vlsat3_k24.smt2,p1-simplify-smt,True,10.6399
non-incremental/QF_UFDT/20210312-Bouvier/vlsat3_k25.smt2,h3-case-split-3,True,2.7891
non-incremental/QF_UFDT/20210312-Bouvier/vlsat3_k26.smt2,h3-case-split-3,True,3.5884
non-incremental/QF_UFDT/20210312-Bouvier/vlsat3_k27.smt2,h3-case-split-3,True,13.3126
non-incremental/QF_UFDT/20210312-Bouvier/vlsat3_k28.smt2,p1-simplify-smt,True,16.6582
non-incremental/QF_UFDT/20210312-Bouvier/vlsat3_k29.smt2,h3-case-split-3,False,30.0000
non-incremental/QF_UFDT/20210312-Bouvier/vlsat3_k30.smt2,p1-simplify-smt,False,30.0000
non-incremental/QF_UFDT/20210312-Bouvier/vlsat3_k31.smt2,h3-case-split-3,False,30.0000
non-incremental/QF_UFDT/20210312-Bouvier/vlsat3_k32.smt2,p1-simplify-smt,True,4.4530
non-incremental/QF_UFDT/20210312-Bouvier/vlsat3_k33.smt2,h3-case-split-3,True,5.8499
non-incremental/QF_UFDT/20210312-Bouvier/vlsat3_k34.smt2,p1-simplify-smt,True,24.7868
non-incremental/QF_UFDT/20210312-Bouvier/vlsat3_k35.smt2,h3-case-split-3,True,11.3838
non-incremental/QF_UFDT/20210312-Bouvier/vlsat3_k36.smt2,h3-case-split-3,False,30.0000
non-incremental/QF_UFDT/20210312-Bouvier/vlsat3_k37.smt2,p1-simplify-smt,False,30.0000
non-incremental/QF_UFDT/20210312-Bouvier/vlsat3_k38.smt2,p1-simplify-smt,True,26.8381
non-incremental/QF_UFDT/20210312-Bouvier/vlsat3_k39.smt2,p1-simplify-smt,False,30.0000
non-incremental/QF_UFDT/20210312-Bouvier/vlsat3_k40.smt2,h3-case-split-3,True,1.9211
non-incremental/QF_UFDT/20210312-Bouvier/vlsat3_k41.smt2,h3-case-split-3,False,30.0000
non-incremental/QF_UFDT/20210312-Bouvier/vlsat3_k42.smt2,h3-case-split-3,True,5.5418
non-incremental/QF_UFDT/20210312-Bouvier/vlsat3_k43.smt2,p1-simplify-smt,False,30.0000
non-incremental/QF_UFDT/20210312-Bouvier/vlsat3_k44.smt2,p1-simplify-smt,False,30.0000
non-incremental/QF_UFDT/20210312-Bouvier/vlsat3_k45.smt2,p1-simplify-smt,False,30.0000
non-incremental/QF_UFDT/20210312-Bouvier/vlsat3_k46.smt2,p1-simplify-smt,False,30.0000
non-incremental/QF_UFDT/20210312-Bouvier/vlsat3_k47.smt2,p1-simplify-smt,False,30.0000
non-incremental/QF_UFDT/20210312-Bouvier/vlsat3_k48.smt2,p1-simplify-smt,False,30.0000
non-incremental/QF_UFDT/20210312-Bouvier/vlsat3_k49.smt2,p1-simplify-smt,False,30.0000
non-incremental/QF_UFDT/20210312-Bouvier/vlsat3_k50.smt2,h3-case-split-3,False,30.0000
non-incremental/QF_UFDT/20210312-Bouvier/vlsat3_k51.smt2,h3-case-split-3,True,9.6822
non-incremental/QF_UFDT/20210312-Bouvier/vlsat3_k52.smt2,p1-simplify-smt,True,23.4416
non-incremental/QF_UFDT/20210312-Bouvier/vlsat3_k53.smt2,p1-simplify-smt,True,21.4513
non-incremental/QF_UFDT/20210312-Bouvier/vlsat3_k54.smt2,p1-simplify-smt,False,30.0000
non-incremental/QF_UFDT/20210312-Bouvier/vlsat3_k55.smt2,p1-simplify-smt,False,30.0000
non-incremental/QF_UFDT/20210312-Bouvier/vlsat3_k56.smt2,p1-simplify-smt,True,28.6242
non-incremental/QF_UFDT/20210312-Bouvier/vlsat3_k57.smt2,p1-simplify-smt,False,30.0000
non-incremental/QF_UFDT/20210312-Bouvier/vlsat3_k58.smt2,p1-simplify-smt,False,30.0000
non-incremental/QF_UFDT/20210312-Bouvier/vlsat3_k59.smt2,p1-simplify-smt,False,30.0000
non-incremental/QF_UFDT/20210312-Bouvier/vlsat3_k60.smt2,h3-case-split-3,False,30.0000
non-incremental/QF_UFDT/20210312-Bouvier/vlsat3_k61.smt2,h3-case-split-3,False,30.0000
non-incremental/QF_UFDT/20210312-Bouvier/vlsat3_k62.smt2,h3-case-split-3,False,30.0000
non-incremental/QF_UFDT/20210312-Bouvier/vlsat3_k63.smt2,p1-simplify-smt,False,30.0000
non-incremental/QF_UFDT/20210312-Bouvier/vlsat3_k64.smt2,p1-simplify-smt,False,30.0000
non-incremental/QF_UFDT/20210312-Bouvier/vlsat3_k65.smt2,h3-case-split-3,True,10.8109
non-incremental/QF_UFDT/20210312-Bouvier/vlsat3_k66.smt2,h3-case-split-3,False,30.0000
non-incremental/QF_UFDT/20210312-Bouvier/vlsat3_k67.smt2,p1-simplify-smt,True,10.1752
non-incremental/QF_UFDT/20210312-Bouvier/vlsat3_k68.smt2,h3-case-split-3,True,27.0466
non-incremental/QF_UFDT/20210312-Bouvier/vlsat3_k69.smt2,h3-case-split-3,False,30.0000
non-incremental/QF_UFDT/20210312-Bouvier/vlsat3_k70.smt2,h3-case-split-3,True,18.2410
non-incremental/QF_UFDT/20210312-Bouvier/vlsat3_k71.smt2,p1-simplify-smt,True,22.7838
non-incremental/QF_UFDT/20210312-Bouvier/vlsat3_k72.smt2,p1-simplify-smt,False,30.0000
non-incremental/QF_UFDT/20210312-Bouvier/vlsat3_k73.smt2,p1-simplify-smt,True,7.7003
non-incremental/QF_UFDT/20210312-Bouvier/vlsat3_k74.smt2,h3-case-split-3,False,30.0000
non-incremental/QF_UFDT/20210312-Bouvier/vlsat3_k75.smt2,h3-case-split-3,True,21.1331
non-incremental/QF_UFDT/20210312-Bouvier/vlsat3_k76.smt2,p1-simplify-smt,True,21.0451
non-incremental/QF_UFDT/20210312-Bouvier/vlsat3_k77.smt2,p1-simplify-smt,True,20.8338
non-incremental/QF_UFDT/20210312-Bouvier/vlsat3_k78.smt2,p1-simplify-smt,True,21.0678
non-incremental/QF_UFDT/20210312-Bouvier/vlsat3_k79.smt2,p1-simplify-smt,False,30.0000
non-incremental/QF_UFDT/20210312-Bouvier/vlsat3_k80.smt2,p1-simplify-smt,False,30.0000
non-incremental/QF_UFDT/20210312-Bouvier/vlsat3_k81.smt2,p1-simplify-smt,False,30.0000
non-incremental/QF_UFDT/20210312-Bouvier/vlsat3_k82.smt2,p1-simplify-smt,False,30.0000
non-incremental/QF_UFDT/20210312-Bouvier/vlsat3_k83.smt2,p1-simplify-smt,False,30.0000
non-incremental/QF_UFDT/20210312-Bouvier/vlsat3_k84.smt2,p1-simplify-smt,False,30.0000
non-incremental/QF_UFDT/20210312-Bouvier/vlsat3_k85.smt2,p1-simplify-smt,False,30.0000
non-incremental/QF_UFDT/20210312-Bouvier/vlsat3_k86.smt2,p1-simplify-smt,False,30.0000
non-incremental/QF_UFDT/20210312-Bouvier/vlsat3_k87.smt2,p1-simplify-smt,False,30.0000
non-incremental/QF_UFDT/20210312-Bouvier/vlsat3_k88.smt2,p1-simplify-smt,True,29.9358
non-incremental/QF_UFDT/20210312-Bouvier/vlsat3_k89.smt2,p1-simplify-smt,False,30.0000
non-incremental/QF_UFDT/20210312-Bouvier/vlsat3_k90.smt2,p1-simplify-smt,False,30.0000
non-incremental/QF_UFDT/20210312-Bouvier/vlsat3_k91.smt2,p1-simplify-smt,False,30.0000
non-incremental/QF_UFDT/20210312-Bouvier/vlsat3_k92.smt2,p1-simplify-smt,True,19.7874
non-incremental/QF_UFDT/20210312-Bouvier/vlsat3_k93.smt2,p1-simplify-smt,False,30.0000
non-incremental/QF_UFDT/20210312-Bouvier/vlsat3_k94.smt2,p1-simplify-smt,True,4.3946
non-incremental/QF_UFDT/20210312-Bouvier/vlsat3_k95.smt2,p1-simplify-smt,True,21.0056
non-incremental/QF_UFDT/20210312-Bouvier/vlsat3_k96.smt2,p1-simplify-smt,False,30.0000
non-incremental/QF_UFDT/20210312-Bouvier/vlsat3_k97.smt2,p1-simplify-smt,False,30.0000
non-incremental/QF_UFDT/20210312-Bouvier/vlsat3_k98.smt2,p1-simplify-smt,False,30.0000
non-incremental/QF_UFDT/20210312-Bouvier/vlsat3_k99.smt2,p1-simplify-smt,False,30.0000
