id,path,solved,time,result
0,/home/z52lu/z3alpha/benchmarks/LassoRanker/all/CooperatingT2/a.10.c.t2.c_Iteration2_Loop_4-pieceTemplate.smt2,True,8.456905364990234,sat
1,/home/z52lu/z3alpha/benchmarks/LassoRanker/all/CooperatingT2/a.10.c.t2.c_Iteration6_Loop_4-pieceTemplate.smt2,True,5.5553083419799805,sat
2,/home/z52lu/z3alpha/benchmarks/LassoRanker/all/CooperatingT2/a.10.c.t2.c_Iteration9_Loop_4-pieceTemplate.smt2,True,6.504870891571045,sat
3,/home/z52lu/z3alpha/benchmarks/LassoRanker/all/CooperatingT2/afagp-fail.t2.c_Iteration1_Lasso_5-phaseTemplate.smt2,True,3.4447009563446045,unsat
4,/home/z52lu/z3alpha/benchmarks/LassoRanker/all/CooperatingT2/afagp-fail.t2.c_Iteration1_Lasso_6-phaseTemplate.smt2,True,5.525211811065674,unsat
5,/home/z52lu/z3alpha/benchmarks/LassoRanker/all/CooperatingT2/agafp.t2.c_Iteration1_Lasso_5-phaseTemplate.smt2,True,0.6290104389190674,unsat
6,/home/z52lu/z3alpha/benchmarks/LassoRanker/all/CooperatingT2/bf12.t2.c_Iteration1_Loop_4-pieceTemplate.smt2,False,10,timeout
7,/home/z52lu/z3alpha/benchmarks/LassoRanker/all/CooperatingT2/bf6.t2.c_Iteration1_Loop_4-pieceTemplate.smt2,False,10,timeout
8,/home/z52lu/z3alpha/benchmarks/LassoRanker/all/CooperatingT2/bitcount16.t2.c_Iteration1_Loop_4-pieceTemplate.smt2,False,10,timeout
9,/home/z52lu/z3alpha/benchmarks/LassoRanker/all/CooperatingT2/broydn.c.i.broydn.pl.t2.fixed.t2.c_Iteration1_Loop_4-pieceTemplate.smt2,False,10,timeout
10,/home/z52lu/z3alpha/benchmarks/LassoRanker/all/CooperatingT2/brp_withassume.t2.c_Iteration8_Loop_2-pieceTemplate.smt2,False,10,timeout
11,/home/z52lu/z3alpha/benchmarks/LassoRanker/all/CooperatingT2/brp_withassume.t2.c_Iteration8_Loop_4-pieceTemplate.smt2,False,10,timeout
12,/home/z52lu/z3alpha/benchmarks/LassoRanker/all/CooperatingT2/bubbleSort.t2.c_Iteration5_Loop_4-pieceTemplate.smt2,False,10,timeout
13,/home/z52lu/z3alpha/benchmarks/LassoRanker/all/CooperatingT2/bubblesort_inner_loop.t2.c_Iteration1_Loop_3-pieceTemplate.smt2,True,6.668869256973267,sat
14,/home/z52lu/z3alpha/benchmarks/LassoRanker/all/CooperatingT2/collatz.t2.c_Iteration1_Loop_4-pieceTemplate.smt2,False,10,timeout
15,/home/z52lu/z3alpha/benchmarks/LassoRanker/all/CooperatingT2/collatz.t2.c_Iteration3_Lasso_6-phaseTemplate.smt2,True,2.5596201419830322,unsat
16,/home/z52lu/z3alpha/benchmarks/LassoRanker/all/CooperatingT2/collatz.t2.c_Iteration3_Loop_3-pieceTemplate.smt2,True,5.678454399108887,unsat
17,/home/z52lu/z3alpha/benchmarks/LassoRanker/all/CooperatingT2/collatz.t2.c_Iteration3_Loop_6-phaseTemplate.smt2,True,2.8289334774017334,unsat
18,/home/z52lu/z3alpha/benchmarks/LassoRanker/all/CooperatingT2/curious4.t2.c_Iteration1_Lasso_3-pieceTemplate.smt2,False,10,timeout
19,/home/z52lu/z3alpha/benchmarks/LassoRanker/all/CooperatingT2/disj_nightmare.t2.c_Iteration1_Lasso_2-pieceTemplate.smt2,False,10,timeout
20,/home/z52lu/z3alpha/benchmarks/LassoRanker/all/CooperatingT2/disj_nightmare.t2.c_Iteration1_Lasso_4-pieceTemplate.smt2,False,10,timeout
21,/home/z52lu/z3alpha/benchmarks/LassoRanker/all/CooperatingT2/disj_nightmare.t2.c_Iteration1_Loop_2-pieceTemplate.smt2,False,10,timeout
22,/home/z52lu/z3alpha/benchmarks/LassoRanker/all/CooperatingT2/disj_nightmare.t2.c_Iteration1_Loop_3-pieceTemplate.smt2,False,10,timeout
23,/home/z52lu/z3alpha/benchmarks/LassoRanker/all/CooperatingT2/disj_nightmare.t2.c_Iteration1_Loop_4-pieceTemplate.smt2,False,10,timeout
24,/home/z52lu/z3alpha/benchmarks/LassoRanker/all/CooperatingT2/dropbuf.t2.c_Iteration2_Loop_3-pieceTemplate.smt2,False,10,timeout
25,/home/z52lu/z3alpha/benchmarks/LassoRanker/all/CooperatingT2/dropbuf.t2.c_Iteration2_Loop_4-pieceTemplate.smt2,False,10,timeout
26,/home/z52lu/z3alpha/benchmarks/LassoRanker/all/CooperatingT2/efegp.t2.c_Iteration1_Lasso_4-lexTemplate.smt2,True,2.3656654357910156,unsat
27,/home/z52lu/z3alpha/benchmarks/LassoRanker/all/CooperatingT2/elmhes.c.i.elmhes.pl.t2.fixed.t2.c_Iteration2_Loop_4-pieceTemplate.smt2,False,10,timeout
28,/home/z52lu/z3alpha/benchmarks/LassoRanker/all/CooperatingT2/elmhes.t2.c_Iteration2_Loop_4-pieceTemplate.smt2,False,10,timeout
29,/home/z52lu/z3alpha/benchmarks/LassoRanker/all/CooperatingT2/elmhes.t2.c_Iteration6_Loop_4-pieceTemplate.smt2,False,10,timeout
30,/home/z52lu/z3alpha/benchmarks/LassoRanker/all/CooperatingT2/eric.t2.c_Iteration1_Lasso_2-pieceTemplate.smt2,False,10,timeout
31,/home/z52lu/z3alpha/benchmarks/LassoRanker/all/CooperatingT2/eric.t2.c_Iteration1_Lasso_3-pieceTemplate.smt2,False,10,timeout
32,/home/z52lu/z3alpha/benchmarks/LassoRanker/all/CooperatingT2/eric.t2.c_Iteration1_Lasso_4-pieceTemplate.smt2,False,10,timeout
33,/home/z52lu/z3alpha/benchmarks/LassoRanker/all/CooperatingT2/eric.t2.c_Iteration1_Loop_2-pieceTemplate.smt2,True,5.411349773406982,unsat
34,/home/z52lu/z3alpha/benchmarks/LassoRanker/all/CooperatingT2/eric.t2.c_Iteration1_Loop_5-phaseTemplate.smt2,True,0.9922513961791992,unsat
35,/home/z52lu/z3alpha/benchmarks/LassoRanker/all/CooperatingT2/eric.t2.c_Iteration1_Loop_6-phaseTemplate.smt2,True,1.3790283203125,unsat
36,/home/z52lu/z3alpha/benchmarks/LassoRanker/all/CooperatingT2/eric.t2.c_Iteration1_Loop_7-phaseTemplate.smt2,True,1.7155096530914307,unsat
37,/home/z52lu/z3alpha/benchmarks/LassoRanker/all/CooperatingT2/eric2.t2.c_Iteration3_Loop_4-pieceTemplate.smt2,True,8.690407752990723,unsat
38,/home/z52lu/z3alpha/benchmarks/LassoRanker/all/CooperatingT2/eric2.t2.c_Iteration4_Loop_3-pieceTemplate.smt2,True,2.478121280670166,unsat
39,/home/z52lu/z3alpha/benchmarks/LassoRanker/all/CooperatingT2/eric2.t2.c_Iteration7_Loop_3-pieceTemplate.smt2,False,10,timeout
40,/home/z52lu/z3alpha/benchmarks/LassoRanker/all/CooperatingT2/eric2.t2.c_Iteration7_Loop_4-pieceTemplate.smt2,False,10,timeout
41,/home/z52lu/z3alpha/benchmarks/LassoRanker/all/CooperatingT2/eric2.t2.c_Iteration8_Loop_3-pieceTemplate.smt2,True,4.502087831497192,unsat
42,/home/z52lu/z3alpha/benchmarks/LassoRanker/all/CooperatingT2/eric2.t2.c_Iteration8_Loop_4-pieceTemplate.smt2,False,10,timeout
43,/home/z52lu/z3alpha/benchmarks/LassoRanker/all/CooperatingT2/ex11.t2.c_Iteration1_Lasso_2-pieceTemplate.smt2,False,10,timeout
44,/home/z52lu/z3alpha/benchmarks/LassoRanker/all/CooperatingT2/ex11.t2.c_Iteration1_Lasso_3-pieceTemplate.smt2,False,10,timeout
45,/home/z52lu/z3alpha/benchmarks/LassoRanker/all/CooperatingT2/ex11.t2.c_Iteration1_Lasso_4-pieceTemplate.smt2,False,10,timeout
46,/home/z52lu/z3alpha/benchmarks/LassoRanker/all/CooperatingT2/ex11.t2.c_Iteration1_Lasso_5-phaseTemplate.smt2,False,10,timeout
47,/home/z52lu/z3alpha/benchmarks/LassoRanker/all/CooperatingT2/ex14.t2.c_Iteration1_Loop_4-pieceTemplate.smt2,True,2.6399407386779785,sat
48,/home/z52lu/z3alpha/benchmarks/LassoRanker/all/CooperatingT2/ex21.t2.c_Iteration1_Loop_4-pieceTemplate.smt2,True,2.2681634426116943,sat
49,/home/z52lu/z3alpha/benchmarks/LassoRanker/all/CooperatingT2/ex21.t2.c_Iteration2_Loop_4-pieceTemplate.smt2,True,1.992983341217041,sat
50,/home/z52lu/z3alpha/benchmarks/LassoRanker/all/CooperatingT2/ex4.t2.c_Iteration2_Loop_3-pieceTemplate.smt2,True,9.489157915115356,sat
51,/home/z52lu/z3alpha/benchmarks/LassoRanker/all/CooperatingT2/fibcall.t2.c_Iteration1_Loop_4-pieceTemplate.smt2,True,3.2006430625915527,sat
52,/home/z52lu/z3alpha/benchmarks/LassoRanker/all/CooperatingT2/firewire.t2.c_Iteration1_Lasso_6-phaseTemplate.smt2,False,10,timeout
53,/home/z52lu/z3alpha/benchmarks/LassoRanker/all/CooperatingT2/firewire.t2.c_Iteration3_Loop_3-pieceTemplate.smt2,False,10,timeout
54,/home/z52lu/z3alpha/benchmarks/LassoRanker/all/CooperatingT2/firewire.t2.c_Iteration3_Loop_4-pieceTemplate.smt2,False,10,timeout
55,/home/z52lu/z3alpha/benchmarks/LassoRanker/all/CooperatingT2/flipflop.t2.c_Iteration1_Lasso_2-pieceTemplate.smt2,True,0.2526988983154297,unsat
56,/home/z52lu/z3alpha/benchmarks/LassoRanker/all/CooperatingT2/flipflop.t2.c_Iteration1_Loop_2-pieceTemplate.smt2,True,0.23006343841552734,unsat
57,/home/z52lu/z3alpha/benchmarks/LassoRanker/all/CooperatingT2/fun4.t2.c_Iteration1_Lasso_2-pieceTemplate.smt2,True,5.875661849975586,sat
58,/home/z52lu/z3alpha/benchmarks/LassoRanker/all/CooperatingT2/fun4.t2.c_Iteration1_Loop_4-pieceTemplate.smt2,False,10,timeout
59,/home/z52lu/z3alpha/benchmarks/LassoRanker/all/CooperatingT2/fun8.t2.c_Iteration2_Loop_3-pieceTemplate.smt2,True,6.586344480514526,sat
60,/home/z52lu/z3alpha/benchmarks/LassoRanker/all/CooperatingT2/fun8.t2.c_Iteration2_Loop_4-pieceTemplate.smt2,False,10,timeout
61,/home/z52lu/z3alpha/benchmarks/LassoRanker/all/CooperatingT2/fun9.t2.c_Iteration3_Loop_4-pieceTemplate.smt2,True,6.700241804122925,sat
62,/home/z52lu/z3alpha/benchmarks/LassoRanker/all/CooperatingT2/heidy7.t2.c_Iteration1_Loop_4-pieceTemplate.smt2,False,10,timeout
63,/home/z52lu/z3alpha/benchmarks/LassoRanker/all/CooperatingT2/heidy7.t2.c_Iteration2_Lasso_3-pieceTemplate.smt2,True,6.890003681182861,unsat
64,/home/z52lu/z3alpha/benchmarks/LassoRanker/all/CooperatingT2/heidy7.t2.c_Iteration2_Lasso_4-pieceTemplate.smt2,False,10,timeout
65,/home/z52lu/z3alpha/benchmarks/LassoRanker/all/CooperatingT2/heidy8.t2.c_Iteration1_Loop_4-pieceTemplate.smt2,False,10,timeout
66,/home/z52lu/z3alpha/benchmarks/LassoRanker/all/CooperatingT2/hongyi1.t2.c_Iteration1_Loop_4-pieceTemplate.smt2,False,10,timeout
67,/home/z52lu/z3alpha/benchmarks/LassoRanker/all/CooperatingT2/insertsort.t2.c_Iteration1_Loop_4-pieceTemplate.smt2,True,3.373511552810669,sat
68,/home/z52lu/z3alpha/benchmarks/LassoRanker/all/CooperatingT2/jacobi.c.i.jacobi.pl.t2.fixed.t2.c_Iteration4_Loop_4-pieceTemplate.smt2,False,10,timeout
69,/home/z52lu/z3alpha/benchmarks/LassoRanker/all/CooperatingT2/jacobi.c.i.jacobi.pl.t2.fixed.t2.c_Iteration5_Loop_4-pieceTemplate.smt2,False,10,timeout
70,/home/z52lu/z3alpha/benchmarks/LassoRanker/all/CooperatingT2/jacobi.c.i.jacobi.pl.t2.nor.t2.rlgfixed.t2.c_Iteration5_Loop_4-pieceTemplate.smt2,False,10,timeout
71,/home/z52lu/z3alpha/benchmarks/LassoRanker/all/CooperatingT2/jacobi.t2.c_Iteration4_Loop_4-pieceTemplate.smt2,False,10,timeout
72,/home/z52lu/z3alpha/benchmarks/LassoRanker/all/CooperatingT2/jacobi.t2.c_Iteration5_Loop_4-pieceTemplate.smt2,False,10,timeout
73,/home/z52lu/z3alpha/benchmarks/LassoRanker/all/CooperatingT2/magic.t2.c_Iteration2_Loop_4-pieceTemplate.smt2,False,10,timeout
74,/home/z52lu/z3alpha/benchmarks/LassoRanker/all/CooperatingT2/mc91test.t2.c_Iteration2_Loop_4-pieceTemplate.smt2,True,3.710829496383667,sat
75,/home/z52lu/z3alpha/benchmarks/LassoRanker/all/CooperatingT2/n-15a.t2.c_Iteration1_Loop_4-pieceTemplate.smt2,True,8.801160097122192,sat
76,/home/z52lu/z3alpha/benchmarks/LassoRanker/all/CooperatingT2/n_firewire_instrumented-PP.t2.c_Iteration12_Loop_4-pieceTemplate.smt2,False,10,timeout
77,/home/z52lu/z3alpha/benchmarks/LassoRanker/all/CooperatingT2/ndes.t2.c_Iteration3_Loop_2-pieceTemplate.smt2,False,10,timeout
78,/home/z52lu/z3alpha/benchmarks/LassoRanker/all/CooperatingT2/neg-1394complete-fail.t2.c_Iteration5_Loop_4-pieceTemplate.smt2,True,5.789747476577759,sat
79,/home/z52lu/z3alpha/benchmarks/LassoRanker/all/CooperatingT2/p-1d.t2.c_Iteration2_Loop_4-pieceTemplate.smt2,False,10,timeout
80,/home/z52lu/z3alpha/benchmarks/LassoRanker/all/CooperatingT2/p-43.t2.c_Iteration2_Loop_3-pieceTemplate.smt2,False,10,timeout
81,/home/z52lu/z3alpha/benchmarks/LassoRanker/all/CooperatingT2/p-46.t2.c_Iteration2_Lasso_7-phaseTemplate.smt2,False,10,timeout
82,/home/z52lu/z3alpha/benchmarks/LassoRanker/all/CooperatingT2/p-46.t2.c_Iteration2_Loop_3-pieceTemplate.smt2,False,10,timeout
83,/home/z52lu/z3alpha/benchmarks/LassoRanker/all/CooperatingT2/p-46.t2.c_Iteration2_Loop_4-pieceTemplate.smt2,False,10,timeout
84,/home/z52lu/z3alpha/benchmarks/LassoRanker/all/CooperatingT2/p-46.t2.c_Iteration2_Loop_6-phaseTemplate.smt2,False,10,timeout
85,/home/z52lu/z3alpha/benchmarks/LassoRanker/all/CooperatingT2/p-46.t2.c_Iteration2_Loop_7-phaseTemplate.smt2,False,10,timeout
86,/home/z52lu/z3alpha/benchmarks/LassoRanker/all/CooperatingT2/p-49.t2.c_Iteration1_Loop_4-pieceTemplate.smt2,True,0.8831841945648193,sat
87,/home/z52lu/z3alpha/benchmarks/LassoRanker/all/CooperatingT2/p-55.t2.c_Iteration2_Loop_4-pieceTemplate.smt2,False,10,timeout
88,/home/z52lu/z3alpha/benchmarks/LassoRanker/all/CooperatingT2/p-55.t2.c_Iteration3_Loop_3-pieceTemplate.smt2,False,10,timeout
89,/home/z52lu/z3alpha/benchmarks/LassoRanker/all/CooperatingT2/p-55.t2.c_Iteration3_Loop_4-pieceTemplate.smt2,False,10,timeout
90,/home/z52lu/z3alpha/benchmarks/LassoRanker/all/CooperatingT2/p-56.t2.c_Iteration1_Loop_4-pieceTemplate.smt2,False,10,timeout
91,/home/z52lu/z3alpha/benchmarks/LassoRanker/all/CooperatingT2/pentagon.t2.c_Iteration11_Loop_4-pieceTemplate.smt2,True,8.07573413848877,sat
92,/home/z52lu/z3alpha/benchmarks/LassoRanker/all/CooperatingT2/pentagon.t2.c_Iteration12_Loop_4-pieceTemplate.smt2,True,4.393224477767944,sat
93,/home/z52lu/z3alpha/benchmarks/LassoRanker/all/CooperatingT2/pentagon.t2.c_Iteration8_Loop_4-pieceTemplate.smt2,True,2.7571399211883545,sat
94,/home/z52lu/z3alpha/benchmarks/LassoRanker/all/CooperatingT2/pentagon.t2.c_Iteration9_Loop_3-pieceTemplate.smt2,True,1.172701358795166,sat
95,/home/z52lu/z3alpha/benchmarks/LassoRanker/all/CooperatingT2/pentagon.t2.c_Iteration9_Loop_4-pieceTemplate.smt2,True,3.0392768383026123,sat
96,/home/z52lu/z3alpha/benchmarks/LassoRanker/all/CooperatingT2/polyrank2.t2.c_Iteration1_Loop_3-pieceTemplate.smt2,True,1.5022637844085693,unsat
97,/home/z52lu/z3alpha/benchmarks/LassoRanker/all/CooperatingT2/polyrank3.t2.c_Iteration10_Loop_3-pieceTemplate.smt2,True,1.6682219505310059,unsat
98,/home/z52lu/z3alpha/benchmarks/LassoRanker/all/CooperatingT2/polyrank3.t2.c_Iteration1_Loop_3-pieceTemplate.smt2,True,0.8387956619262695,unsat
99,/home/z52lu/z3alpha/benchmarks/LassoRanker/all/CooperatingT2/polyrank3.t2.c_Iteration1_Loop_4-pieceTemplate.smt2,True,2.8850009441375732,unsat
100,/home/z52lu/z3alpha/benchmarks/LassoRanker/all/CooperatingT2/polyrank3.t2.c_Iteration2_Loop_4-pieceTemplate.smt2,True,3.326770544052124,unsat
101,/home/z52lu/z3alpha/benchmarks/LassoRanker/all/CooperatingT2/polyrank3.t2.c_Iteration3_Loop_4-pieceTemplate.smt2,True,1.8987290859222412,unsat
102,/home/z52lu/z3alpha/benchmarks/LassoRanker/all/CooperatingT2/polyrank3.t2.c_Iteration5_Loop_4-pieceTemplate.smt2,True,3.2127506732940674,unsat
103,/home/z52lu/z3alpha/benchmarks/LassoRanker/all/CooperatingT2/polyrank3.t2.c_Iteration6_Loop_4-pieceTemplate.smt2,True,4.364766359329224,unsat
104,/home/z52lu/z3alpha/benchmarks/LassoRanker/all/CooperatingT2/polyrank3.t2.c_Iteration7_Loop_4-pieceTemplate.smt2,True,4.866044282913208,unsat
105,/home/z52lu/z3alpha/benchmarks/LassoRanker/all/CooperatingT2/polyrank3.t2.c_Iteration8_Loop_3-pieceTemplate.smt2,True,1.9324471950531006,unsat
106,/home/z52lu/z3alpha/benchmarks/LassoRanker/all/CooperatingT2/polyrank3.t2.c_Iteration8_Loop_4-pieceTemplate.smt2,True,4.439912557601929,unsat
107,/home/z52lu/z3alpha/benchmarks/LassoRanker/all/CooperatingT2/polyrank3.t2.c_Iteration9_Loop_3-pieceTemplate.smt2,True,1.4709320068359375,unsat
108,/home/z52lu/z3alpha/benchmarks/LassoRanker/all/CooperatingT2/polyrank4.t2.c_Iteration10_Loop_2-pieceTemplate.smt2,True,0.8882608413696289,unsat
109,/home/z52lu/z3alpha/benchmarks/LassoRanker/all/CooperatingT2/polyrank4.t2.c_Iteration5_Loop_4-pieceTemplate.smt2,True,2.9958531856536865,unsat
110,/home/z52lu/z3alpha/benchmarks/LassoRanker/all/CooperatingT2/polyrank4.t2.c_Iteration6_Loop_3-pieceTemplate.smt2,True,3.2002527713775635,unsat
111,/home/z52lu/z3alpha/benchmarks/LassoRanker/all/CooperatingT2/polyrank4.t2.c_Iteration6_Loop_4-pieceTemplate.smt2,True,6.55769681930542,unsat
112,/home/z52lu/z3alpha/benchmarks/LassoRanker/all/CooperatingT2/polyrank4.t2.c_Iteration7_Loop_4-pieceTemplate.smt2,True,5.680727243423462,unsat
113,/home/z52lu/z3alpha/benchmarks/LassoRanker/all/CooperatingT2/polyrank4.t2.c_Iteration8_Loop_2-pieceTemplate.smt2,True,0.5924842357635498,unsat
114,/home/z52lu/z3alpha/benchmarks/LassoRanker/all/CooperatingT2/polyrank4.t2.c_Iteration8_Loop_4-pieceTemplate.smt2,True,6.754120826721191,unsat
115,/home/z52lu/z3alpha/benchmarks/LassoRanker/all/CooperatingT2/polyrank5.t2.c_Iteration1_Loop_4-pieceTemplate.smt2,True,3.8898048400878906,unsat
116,/home/z52lu/z3alpha/benchmarks/LassoRanker/all/CooperatingT2/polyrank5.t2.c_Iteration1_Loop_7-phaseTemplate.smt2,True,1.2715046405792236,sat
117,/home/z52lu/z3alpha/benchmarks/LassoRanker/all/CooperatingT2/polyrank5.t2.c_Iteration3_Loop_4-pieceTemplate.smt2,True,6.700559854507446,sat
118,/home/z52lu/z3alpha/benchmarks/LassoRanker/all/CooperatingT2/polyrank7.t2.c_Iteration1_Loop_7-phaseTemplate.smt2,True,1.3930621147155762,unsat
119,/home/z52lu/z3alpha/benchmarks/LassoRanker/all/CooperatingT2/qrdcmp.c.i.qrdcmp.pl.t2.fixed.t2.c_Iteration6_Loop_3-pieceTemplate.smt2,True,7.598568439483643,sat
120,/home/z52lu/z3alpha/benchmarks/LassoRanker/all/CooperatingT2/queens.t2.c_Iteration5_Loop_4-pieceTemplate.smt2,False,10,timeout
121,/home/z52lu/z3alpha/benchmarks/LassoRanker/all/CooperatingT2/queue_1000.t2.c_Iteration1_Loop_4-pieceTemplate.smt2,True,2.8435354232788086,sat
122,/home/z52lu/z3alpha/benchmarks/LassoRanker/all/CooperatingT2/sas2.t2.c_Iteration1_Lasso_3-pieceTemplate.smt2,False,10,timeout
123,/home/z52lu/z3alpha/benchmarks/LassoRanker/all/CooperatingT2/sas2.t2.c_Iteration1_Lasso_4-pieceTemplate.smt2,False,10,timeout
124,/home/z52lu/z3alpha/benchmarks/LassoRanker/all/CooperatingT2/sas2.t2.c_Iteration1_Lasso_7-phaseTemplate.smt2,False,10,timeout
125,/home/z52lu/z3alpha/benchmarks/LassoRanker/all/CooperatingT2/sas2.t2.c_Iteration6_Lasso_7-nestedTemplate.smt2,False,10,timeout
126,/home/z52lu/z3alpha/benchmarks/LassoRanker/all/CooperatingT2/sas2.t2.c_Iteration6_Loop_4-pieceTemplate.smt2,False,10,timeout
127,/home/z52lu/z3alpha/benchmarks/LassoRanker/all/CooperatingT2/sas2.t2.c_Iteration7_Lasso_3-pieceTemplate.smt2,False,10,timeout
128,/home/z52lu/z3alpha/benchmarks/LassoRanker/all/CooperatingT2/sas2.t2.c_Iteration7_Loop_3-pieceTemplate.smt2,False,10,timeout
129,/home/z52lu/z3alpha/benchmarks/LassoRanker/all/CooperatingT2/sas2.t2.c_Iteration7_Loop_4-pieceTemplate.smt2,False,10,timeout
130,/home/z52lu/z3alpha/benchmarks/LassoRanker/all/CooperatingT2/sas2.t2.c_Iteration7_Loop_7-phaseTemplate.smt2,False,10,timeout
131,/home/z52lu/z3alpha/benchmarks/LassoRanker/all/CooperatingT2/sort.t2.c_Iteration15_Loop_4-pieceTemplate.smt2,False,10,timeout
132,/home/z52lu/z3alpha/benchmarks/LassoRanker/all/CooperatingT2/sort.t2.c_Iteration18_Loop_4-pieceTemplate.smt2,False,10,timeout
133,/home/z52lu/z3alpha/benchmarks/LassoRanker/all/CooperatingT2/spiral.t2.c_Iteration2_Loop_4-pieceTemplate.smt2,False,10,timeout
134,/home/z52lu/z3alpha/benchmarks/LassoRanker/all/CooperatingT2/spiral.t2.c_Iteration8_Loop_4-pieceTemplate.smt2,False,10,timeout
135,/home/z52lu/z3alpha/benchmarks/LassoRanker/all/CooperatingT2/sudoku.t2.c_Iteration24_Loop_4-pieceTemplate.smt2,False,10,timeout
136,/home/z52lu/z3alpha/benchmarks/LassoRanker/all/CooperatingT2/sudoku.t2.c_Iteration2_Loop_4-pieceTemplate.smt2,False,10,timeout
137,/home/z52lu/z3alpha/benchmarks/LassoRanker/all/CooperatingT2/sudoku.t2.c_Iteration4_Loop_4-pieceTemplate.smt2,False,10,timeout
138,/home/z52lu/z3alpha/benchmarks/LassoRanker/all/CooperatingT2/sumit.t2.c_Iteration2_Loop_4-lexTemplate.smt2,False,10,timeout
139,/home/z52lu/z3alpha/benchmarks/LassoRanker/all/CooperatingT2/toeplz.t2.c_Iteration2_Loop_4-pieceTemplate.smt2,False,10,timeout
140,/home/z52lu/z3alpha/benchmarks/LassoRanker/all/CooperatingT2/toeplz.t2.c_Iteration3_Loop_4-pieceTemplate.smt2,False,10,timeout
141,/home/z52lu/z3alpha/benchmarks/LassoRanker/all/CooperatingT2/wrong_loop.t2.c_Iteration1_Loop_4-pieceTemplate.smt2,False,10,timeout
142,/home/z52lu/z3alpha/benchmarks/LassoRanker/all/SV-COMP/Ben-Amram-2010LMCS-Ex2.3_true-termination.c_Iteration1_Lasso_2-pieceTemplate.smt2,False,10,timeout
143,/home/z52lu/z3alpha/benchmarks/LassoRanker/all/SV-COMP/Ben-Amram-2010LMCS-Ex2.3_true-termination.c_Iteration1_Lasso_3-pieceTemplate.smt2,False,10,timeout
144,/home/z52lu/z3alpha/benchmarks/LassoRanker/all/SV-COMP/Ben-Amram-2010LMCS-Ex2.3_true-termination.c_Iteration1_Lasso_4-pieceTemplate.smt2,False,10,timeout
145,/home/z52lu/z3alpha/benchmarks/LassoRanker/all/SV-COMP/Ben-Amram-2010LMCS-Ex2.3_true-termination.c_Iteration1_Loop_4-lexTemplate.smt2,True,3.135629892349243,unsat
146,/home/z52lu/z3alpha/benchmarks/LassoRanker/all/SV-COMP/Ben-Amram-2010LMCS-Ex2.3_true-termination.c_Iteration1_Loop_6-phaseTemplate.smt2,True,2.727393627166748,unsat
147,/home/z52lu/z3alpha/benchmarks/LassoRanker/all/SV-COMP/BradleyMannaSipma-2005CAV-Fig1_true-termination.c_Iteration1_Lasso_7-phaseTemplate.smt2,False,10,timeout
148,/home/z52lu/z3alpha/benchmarks/LassoRanker/all/SV-COMP/BradleyMannaSipma-2005ICALP-Fig1_true-termination.c_Iteration1_Lasso_2-pieceTemplate.smt2,False,10,timeout
149,/home/z52lu/z3alpha/benchmarks/LassoRanker/all/SV-COMP/BradleyMannaSipma-2005ICALP-Fig1_true-termination.c_Iteration1_Lasso_3-phaseTemplate.smt2,True,3.3803610801696777,unsat
150,/home/z52lu/z3alpha/benchmarks/LassoRanker/all/SV-COMP/BradleyMannaSipma-2005ICALP-Fig1_true-termination.c_Iteration1_Lasso_3-pieceTemplate.smt2,False,10,timeout
151,/home/z52lu/z3alpha/benchmarks/LassoRanker/all/SV-COMP/BradleyMannaSipma-2005ICALP-Fig1_true-termination.c_Iteration1_Lasso_6-nestedTemplate.smt2,True,8.88620662689209,unsat
152,/home/z52lu/z3alpha/benchmarks/LassoRanker/all/SV-COMP/BrockschmidtCookFuhs-2013CAV-Introduction_true-termination.c_Iteration1_Loop_4-pieceTemplate.smt2,True,3.530836820602417,unsat
153,/home/z52lu/z3alpha/benchmarks/LassoRanker/all/SV-COMP/CookSeeZuleger-2013TACAS-Fig3_true-termination.c_Iteration1_Loop_4-pieceTemplate.smt2,False,10,timeout
154,/home/z52lu/z3alpha/benchmarks/LassoRanker/all/SV-COMP/CookSeeZuleger-2013TACAS-Fig3_true-termination.c_Iteration1_Loop_7-phaseTemplate.smt2,True,9.756239891052246,unsat
155,/home/z52lu/z3alpha/benchmarks/LassoRanker/all/SV-COMP/CookSeeZuleger-2013TACAS-Fig7a_true-termination.c_Iteration1_Loop_3-lexTemplate.smt2,False,10,timeout
156,/home/z52lu/z3alpha/benchmarks/LassoRanker/all/SV-COMP/CookSeeZuleger-2013TACAS-Fig7a_true-termination.c_Iteration1_Loop_3-pieceTemplate.smt2,False,10,timeout
157,/home/z52lu/z3alpha/benchmarks/LassoRanker/all/SV-COMP/CookSeeZuleger-2013TACAS-Fig7a_true-termination.c_Iteration1_Loop_4-lexTemplate.smt2,False,10,timeout
158,/home/z52lu/z3alpha/benchmarks/LassoRanker/all/SV-COMP/CookSeeZuleger-2013TACAS-Fig7a_true-termination.c_Iteration1_Loop_5-phaseTemplate.smt2,True,6.651093006134033,unsat
159,/home/z52lu/z3alpha/benchmarks/LassoRanker/all/SV-COMP/CookSeeZuleger-2013TACAS-Fig7b_true-termination.c_Iteration1_Loop_3-nestedTemplate.smt2,False,10,timeout
160,/home/z52lu/z3alpha/benchmarks/LassoRanker/all/SV-COMP/GulwaniJainKoskinen-2009PLDI-Fig1_true-termination.c_Iteration1_Lasso_4-lexTemplate.smt2,False,10,timeout
161,/home/z52lu/z3alpha/benchmarks/LassoRanker/all/SV-COMP/GulwaniJainKoskinen-2009PLDI-Fig1_true-termination.c_Iteration1_Lasso_4-pieceTemplate.smt2,False,10,timeout
162,/home/z52lu/z3alpha/benchmarks/LassoRanker/all/SV-COMP/GulwaniJainKoskinen-2009PLDI-Fig1_true-termination.c_Iteration1_Lasso_5-nestedTemplate.smt2,False,10,timeout
163,/home/z52lu/z3alpha/benchmarks/LassoRanker/all/SV-COMP/GulwaniJainKoskinen-2009PLDI-Fig1_true-termination.c_Iteration1_Lasso_7-phaseTemplate.smt2,False,10,timeout
164,/home/z52lu/z3alpha/benchmarks/LassoRanker/all/SV-COMP/HarrisLalNoriRajamani-2010SAS-Fig1_true-termination.c_Iteration1_Lasso_4-pieceTemplate.smt2,True,7.448058366775513,unsat
165,/home/z52lu/z3alpha/benchmarks/LassoRanker/all/SV-COMP/KroeningSharyginaTsitovichWintersteiger-2010CAV-Fig1_true-termination.c_Iteration1_Lasso_2-pieceTemplate.smt2,False,10,timeout
166,/home/z52lu/z3alpha/benchmarks/LassoRanker/all/SV-COMP/KroeningSharyginaTsitovichWintersteiger-2010CAV-Fig1_true-termination.c_Iteration1_Lasso_3-phaseTemplate.smt2,False,10,timeout
167,/home/z52lu/z3alpha/benchmarks/LassoRanker/all/SV-COMP/KroeningSharyginaTsitovichWintersteiger-2010CAV-Fig1_true-termination.c_Iteration1_Lasso_4-pieceTemplate.smt2,False,10,timeout
168,/home/z52lu/z3alpha/benchmarks/LassoRanker/all/SV-COMP/KroeningSharyginaTsitovichWintersteiger-2010CAV-Fig1_true-termination.c_Iteration1_Lasso_5-phaseTemplate.smt2,False,10,timeout
169,/home/z52lu/z3alpha/benchmarks/LassoRanker/all/SV-COMP/KroeningSharyginaTsitovichWintersteiger-2010CAV-Fig1_true-termination.c_Iteration1_Lasso_7-phaseTemplate.smt2,False,10,timeout
170,/home/z52lu/z3alpha/benchmarks/LassoRanker/all/SV-COMP/LarrazOliverasRodriguez-CarbonellRubio-2013FMCAD-Fig1_true-termination.c_Iteration1_Loop_4-pieceTemplate.smt2,True,3.3571956157684326,unsat
171,/home/z52lu/z3alpha/benchmarks/LassoRanker/all/SV-COMP/LarrazOliverasRodriguez-CarbonellRubio-2013FMCAD-Fig1_true-termination.c_Iteration2_Loop_3-pieceTemplate.smt2,True,1.2705316543579102,unsat
172,/home/z52lu/z3alpha/benchmarks/LassoRanker/all/SV-COMP/LarrazOliverasRodriguez-CarbonellRubio-2013FMCAD-Fig1_true-termination.c_Iteration2_Loop_4-pieceTemplate.smt2,True,3.210031747817993,unsat
173,/home/z52lu/z3alpha/benchmarks/LassoRanker/all/SV-COMP/LarrazOliverasRodriguez-CarbonellRubio-2013FMCAD-Fig1_true-termination.c_Iteration5_Loop_4-pieceTemplate.smt2,True,2.9036402702331543,unsat
174,/home/z52lu/z3alpha/benchmarks/LassoRanker/all/SV-COMP/LeeJonesBen-Amram-2001POPL-Ex1_true-termination.c_Iteration1_Loop_7-phaseTemplate.smt2,True,2.56510853767395,unsat
175,/home/z52lu/z3alpha/benchmarks/LassoRanker/all/SV-COMP/LeeJonesBen-Amram-2001POPL-Ex2_true-termination.c_Iteration1_Loop_4-pieceTemplate.smt2,False,10,timeout
176,/home/z52lu/z3alpha/benchmarks/LassoRanker/all/SV-COMP/LeeJonesBen-Amram-2001POPL-Ex3_true-termination.c_Iteration6_Loop_4-pieceTemplate.smt2,True,2.356196641921997,sat
177,/home/z52lu/z3alpha/benchmarks/LassoRanker/all/SV-COMP/LeeJonesBen-Amram-2001POPL-Ex4_true-termination.c_Iteration1_Loop_4-pieceTemplate.smt2,True,1.7115657329559326,sat
178,/home/z52lu/z3alpha/benchmarks/LassoRanker/all/SV-COMP/LeeJonesBen-Amram-2001POPL-Ex4_true-termination.c_Iteration3_Loop_4-pieceTemplate.smt2,True,3.0644919872283936,sat
179,/home/z52lu/z3alpha/benchmarks/LassoRanker/all/SV-COMP/LeeJonesBen-Amram-2001POPL-Ex4_true-termination.c_Iteration5_Loop_4-pieceTemplate.smt2,True,3.6143739223480225,sat
180,/home/z52lu/z3alpha/benchmarks/LassoRanker/all/SV-COMP/LeeJonesBen-Amram-2001POPL-Ex4_true-termination.c_Iteration6_Loop_4-pieceTemplate.smt2,True,8.854983806610107,unsat
181,/home/z52lu/z3alpha/benchmarks/LassoRanker/all/SV-COMP/LeeJonesBen-Amram-2001POPL-Ex5_true-termination.c_Iteration2_Lasso_3-lexTemplate.smt2,False,10,timeout
182,/home/z52lu/z3alpha/benchmarks/LassoRanker/all/SV-COMP/LeeJonesBen-Amram-2001POPL-Ex5_true-termination.c_Iteration2_Lasso_4-nestedTemplate.smt2,True,9.346810579299927,unsat
183,/home/z52lu/z3alpha/benchmarks/LassoRanker/all/SV-COMP/LeeJonesBen-Amram-2001POPL-Ex5_true-termination.c_Iteration2_Lasso_6-nestedTemplate.smt2,True,4.584574222564697,unsat
184,/home/z52lu/z3alpha/benchmarks/LassoRanker/all/SV-COMP/LeeJonesBen-Amram-2001POPL-Ex5_true-termination.c_Iteration2_Lasso_6-phaseTemplate.smt2,False,10,timeout
185,/home/z52lu/z3alpha/benchmarks/LassoRanker/all/SV-COMP/LeeJonesBen-Amram-2001POPL-Ex5_true-termination.c_Iteration2_Lasso_7-phaseTemplate.smt2,False,10,timeout
186,/home/z52lu/z3alpha/benchmarks/LassoRanker/all/SV-COMP/LeeJonesBen-Amram-2001POPL-Ex5_true-termination.c_Iteration2_Loop_6-phaseTemplate.smt2,True,8.35498595237732,unsat
187,/home/z52lu/z3alpha/benchmarks/LassoRanker/all/SV-COMP/Masse_true-termination.c_Iteration1_Loop_3-pieceTemplate.smt2,False,10,timeout
188,/home/z52lu/z3alpha/benchmarks/LassoRanker/all/SV-COMP/Masse_true-termination.c_Iteration1_Loop_4-pieceTemplate.smt2,False,10,timeout
189,/home/z52lu/z3alpha/benchmarks/LassoRanker/all/SV-COMP/NoriSharma-2013FSE-Fig7_true-termination.c_Iteration1_Loop_4-phaseTemplate.smt2,True,0.4894881248474121,sat
190,/home/z52lu/z3alpha/benchmarks/LassoRanker/all/SV-COMP/NoriSharma-2013FSE-Fig7_true-termination.c_Iteration1_Loop_6-phaseTemplate.smt2,True,0.9088621139526367,sat
191,/home/z52lu/z3alpha/benchmarks/LassoRanker/all/SV-COMP/NoriSharma-2013FSE-Fig8_true-termination.c_Iteration1_Lasso_3-phaseTemplate.smt2,True,3.0474438667297363,unsat
192,/home/z52lu/z3alpha/benchmarks/LassoRanker/all/SV-COMP/NoriSharma-2013FSE-Fig8_true-termination.c_Iteration1_Lasso_4-phaseTemplate.smt2,False,10,timeout
193,/home/z52lu/z3alpha/benchmarks/LassoRanker/all/SV-COMP/NoriSharma-2013FSE-Fig8_true-termination.c_Iteration1_Lasso_4-pieceTemplate.smt2,False,10,timeout
194,/home/z52lu/z3alpha/benchmarks/LassoRanker/all/SV-COMP/NoriSharma-2013FSE-Fig8_true-termination.c_Iteration1_Loop_3-phaseTemplate.smt2,True,2.7784883975982666,unsat
195,/home/z52lu/z3alpha/benchmarks/LassoRanker/all/SV-COMP/NoriSharma-2013FSE-Fig8_true-termination.c_Iteration1_Loop_4-pieceTemplate.smt2,False,10,timeout
196,/home/z52lu/z3alpha/benchmarks/LassoRanker/all/SV-COMP/TelAviv-Amir-Minimum_true-termination.c_Iteration1_Lasso_4-lexTemplate.smt2,False,10,timeout
197,/home/z52lu/z3alpha/benchmarks/LassoRanker/all/SV-COMP/TelAviv-Amir-Minimum_true-termination.c_Iteration1_Lasso_4-pieceTemplate.smt2,False,10,timeout
198,/home/z52lu/z3alpha/benchmarks/LassoRanker/all/SV-COMP/TelAviv-Amir-Minimum_true-termination.c_Iteration1_Loop_2-pieceTemplate.smt2,False,10,timeout
199,/home/z52lu/z3alpha/benchmarks/LassoRanker/all/SV-COMP/TelAviv-Amir-Minimum_true-termination.c_Iteration1_Loop_3-pieceTemplate.smt2,False,10,timeout
200,/home/z52lu/z3alpha/benchmarks/LassoRanker/all/SV-COMP/TelAviv-Amir-Minimum_true-termination.c_Iteration1_Loop_4-lexTemplate.smt2,False,10,timeout
201,/home/z52lu/z3alpha/benchmarks/LassoRanker/all/SV-COMP/Toulouse-BranchesToLoop_true-termination.c_Iteration1_Lasso_2-pieceTemplate.smt2,True,0.19689202308654785,unsat
202,/home/z52lu/z3alpha/benchmarks/LassoRanker/all/SV-COMP/Toulouse-BranchesToLoop_true-termination.c_Iteration1_Lasso_4-pieceTemplate.smt2,True,1.6725409030914307,unsat
203,/home/z52lu/z3alpha/benchmarks/LassoRanker/all/SV-COMP/Urban_true-termination.c_Iteration1_Loop_affineTemplate.smt2,False,10,timeout
204,/home/z52lu/z3alpha/benchmarks/LassoRanker/all/SV-COMP/aviad_true-termination.c_Iteration1_Loop_3-nestedTemplate.smt2,False,10,timeout
205,/home/z52lu/z3alpha/benchmarks/LassoRanker/all/SV-COMP/aviad_true-termination.c_Iteration1_Loop_3-pieceTemplate.smt2,False,10,timeout
206,/home/z52lu/z3alpha/benchmarks/LassoRanker/all/SV-COMP/aviad_true-termination.c_Iteration1_Loop_4-lexTemplate.smt2,False,10,timeout
207,/home/z52lu/z3alpha/benchmarks/LassoRanker/all/SV-COMP/aviad_true-termination.c_Iteration1_Loop_4-nestedTemplate.smt2,False,10,timeout
208,/home/z52lu/z3alpha/benchmarks/LassoRanker/all/SV-COMP/aviad_true-termination.c_Iteration1_Loop_5-phaseTemplate.smt2,False,10,timeout
209,/home/z52lu/z3alpha/benchmarks/LassoRanker/all/SV-COMP/aviad_true-termination.c_Iteration1_Loop_6-nestedTemplate.smt2,False,10,timeout
210,/home/z52lu/z3alpha/benchmarks/LassoRanker/all/SV-COMP/aviad_true-termination.c_Iteration1_Loop_6-phaseTemplate.smt2,False,10,timeout
211,/home/z52lu/z3alpha/benchmarks/LassoRanker/all/SV-COMP/aviad_true-termination.c_Iteration1_Loop_7-nestedTemplate.smt2,False,10,timeout
212,/home/z52lu/z3alpha/benchmarks/LassoRanker/all/SV-COMP/aviad_true-termination.c_Iteration1_Loop_affineTemplate.smt2,False,10,timeout
213,/home/z52lu/z3alpha/benchmarks/LassoRanker/all/SV-COMP/joey_false-termination.c_Iteration2_Loop_3-pieceTemplate.smt2,True,7.673639297485352,unsat
214,/home/z52lu/z3alpha/benchmarks/LassoRanker/all/SV-COMP/joey_false-termination.c_Iteration2_Loop_5-phaseTemplate.smt2,True,2.5132055282592773,unsat
215,/home/z52lu/z3alpha/benchmarks/LassoRanker/all/SV-COMP/min_rf_true-termination.c_Iteration1_Lasso_2-pieceTemplate.smt2,False,10,timeout
216,/home/z52lu/z3alpha/benchmarks/LassoRanker/all/SV-COMP/min_rf_true-termination.c_Iteration1_Lasso_3-pieceTemplate.smt2,False,10,timeout
217,/home/z52lu/z3alpha/benchmarks/LassoRanker/all/SV-COMP/min_rf_true-termination.c_Iteration1_Lasso_4-pieceTemplate.smt2,False,10,timeout
218,/home/z52lu/z3alpha/benchmarks/LassoRanker/all/SV-COMP/min_rf_true-termination.c_Iteration1_Loop_2-pieceTemplate.smt2,False,10,timeout
219,/home/z52lu/z3alpha/benchmarks/LassoRanker/all/Ultimate/2013POPL-BenAmGen-Ex3.20.bpl_Iteration1_Lasso_3-pieceTemplate.smt2,True,1.7918031215667725,unsat
220,/home/z52lu/z3alpha/benchmarks/LassoRanker/all/Ultimate/2013POPL-BenAmGen-Ex3.20.bpl_Iteration1_Lasso_4-pieceTemplate.smt2,False,10,timeout
221,/home/z52lu/z3alpha/benchmarks/LassoRanker/all/Ultimate/2013POPL-BenAmGen-Ex4.2.bpl_Iteration1_Lasso_2-pieceTemplate.smt2,True,0.6768560409545898,unsat
222,/home/z52lu/z3alpha/benchmarks/LassoRanker/all/Ultimate/2013POPL-BenAmGen-Ex4.2.bpl_Iteration1_Lasso_3-pieceTemplate.smt2,True,3.3263516426086426,unsat
223,/home/z52lu/z3alpha/benchmarks/LassoRanker/all/Ultimate/2013POPL-BenAmGen-Ex4.2.bpl_Iteration1_Loop_2-pieceTemplate.smt2,True,0.6777467727661133,unsat
224,/home/z52lu/z3alpha/benchmarks/LassoRanker/all/Ultimate/2013POPL-BenAmGen-Ex4.2.bpl_Iteration1_Loop_3-pieceTemplate.smt2,True,3.318228006362915,unsat
225,/home/z52lu/z3alpha/benchmarks/LassoRanker/all/Ultimate/ATVA2013-diff42-int.bpl_Iteration1_Lasso_4-lexTemplate.smt2,True,0.7101490497589111,unsat
226,/home/z52lu/z3alpha/benchmarks/LassoRanker/all/Ultimate/ATVA2013-diff42-int.bpl_Iteration1_Lasso_4-pieceTemplate.smt2,True,9.396937370300293,unsat
227,/home/z52lu/z3alpha/benchmarks/LassoRanker/all/Ultimate/ATVA2013-yPositive-int.bpl_Iteration1_Loop_3-pieceTemplate.smt2,True,0.6190495491027832,unsat
228,/home/z52lu/z3alpha/benchmarks/LassoRanker/all/Ultimate/ATVA2013-zeno-int.bpl_Iteration1_Lasso_4-pieceTemplate.smt2,False,10,timeout
229,/home/z52lu/z3alpha/benchmarks/LassoRanker/all/Ultimate/BenAmram-2010LMCS-Ex2.3.bpl_Iteration1_Lasso_2-pieceTemplate.smt2,True,3.2214393615722656,unsat
230,/home/z52lu/z3alpha/benchmarks/LassoRanker/all/Ultimate/Benghazi.bpl_Iteration1_Loop_3-pieceTemplate.smt2,True,0.8633294105529785,unsat
231,/home/z52lu/z3alpha/benchmarks/LassoRanker/all/Ultimate/Boulder.bpl_Iteration1_Loop_3-pieceTemplate.smt2,True,0.7738156318664551,unsat
232,/home/z52lu/z3alpha/benchmarks/LassoRanker/all/Ultimate/BradleyMannaSipma-2005ICALP-Fig1-deterministic.bpl_Iteration1_Lasso_3-pieceTemplate.smt2,False,10,timeout
233,/home/z52lu/z3alpha/benchmarks/LassoRanker/all/Ultimate/BradleyMannaSipma-2005ICALP-Fig1-deterministic.bpl_Iteration1_Lasso_4-pieceTemplate.smt2,False,10,timeout
234,/home/z52lu/z3alpha/benchmarks/LassoRanker/all/Ultimate/BradleyMannaSipma-2005ICALP-Fig1-deterministic.bpl_Iteration1_Lasso_5-phaseTemplate.smt2,True,1.9783082008361816,unsat
235,/home/z52lu/z3alpha/benchmarks/LassoRanker/all/Ultimate/BradleyMannaSipma-2005ICALP-Fig1-deterministic.bpl_Iteration1_Lasso_6-phaseTemplate.smt2,True,3.0996153354644775,unsat
236,/home/z52lu/z3alpha/benchmarks/LassoRanker/all/Ultimate/Braverman-2006CAV-Ex1-int.bpl_Iteration1_Lasso_4-phaseTemplate.smt2,True,1.6159982681274414,unsat
237,/home/z52lu/z3alpha/benchmarks/LassoRanker/all/Ultimate/Braverman-2006CAV-Ex1-int.bpl_Iteration1_Lasso_4-pieceTemplate.smt2,True,6.050196170806885,unsat
238,/home/z52lu/z3alpha/benchmarks/LassoRanker/all/Ultimate/Braverman-2006CAV-Ex1-int.bpl_Iteration1_Lasso_5-phaseTemplate.smt2,False,10,timeout
239,/home/z52lu/z3alpha/benchmarks/LassoRanker/all/Ultimate/Braverman-2006CAV-Ex1-int.bpl_Iteration1_Loop_4-pieceTemplate.smt2,True,6.03800368309021,unsat
240,/home/z52lu/z3alpha/benchmarks/LassoRanker/all/Ultimate/Braverman-2006CAV-Ex1-int.bpl_Iteration1_Loop_7-phaseTemplate.smt2,False,10,timeout
241,/home/z52lu/z3alpha/benchmarks/LassoRanker/all/Ultimate/Canberra.bpl_Iteration1_Lasso_7-phaseTemplate.smt2,False,10,timeout
242,/home/z52lu/z3alpha/benchmarks/LassoRanker/all/Ultimate/Canberra.bpl_Iteration1_Loop_3-pieceTemplate.smt2,True,8.850365161895752,unsat
243,/home/z52lu/z3alpha/benchmarks/LassoRanker/all/Ultimate/Canberra.bpl_Iteration1_Loop_4-pieceTemplate.smt2,False,10,timeout
244,/home/z52lu/z3alpha/benchmarks/LassoRanker/all/Ultimate/Canberra.bpl_Iteration1_Loop_6-phaseTemplate.smt2,True,9.787211418151855,unsat
245,/home/z52lu/z3alpha/benchmarks/LassoRanker/all/Ultimate/Canberra.bpl_Iteration1_Loop_7-phaseTemplate.smt2,False,10,timeout
246,/home/z52lu/z3alpha/benchmarks/LassoRanker/all/Ultimate/Collatz.bpl_Iteration1_Lasso_3-lexTemplate.smt2,False,10,timeout
247,/home/z52lu/z3alpha/benchmarks/LassoRanker/all/Ultimate/Collatz.bpl_Iteration1_Lasso_3-nestedTemplate.smt2,False,10,timeout
248,/home/z52lu/z3alpha/benchmarks/LassoRanker/all/Ultimate/Collatz.bpl_Iteration1_Lasso_4-lexTemplate.smt2,False,10,timeout
249,/home/z52lu/z3alpha/benchmarks/LassoRanker/all/Ultimate/Collatz.bpl_Iteration1_Lasso_4-nestedTemplate.smt2,False,10,timeout
250,/home/z52lu/z3alpha/benchmarks/LassoRanker/all/Ultimate/Collatz.bpl_Iteration1_Lasso_4-phaseTemplate.smt2,False,10,timeout
251,/home/z52lu/z3alpha/benchmarks/LassoRanker/all/Ultimate/Collatz.bpl_Iteration1_Lasso_5-nestedTemplate.smt2,False,10,timeout
252,/home/z52lu/z3alpha/benchmarks/LassoRanker/all/Ultimate/Collatz.bpl_Iteration1_Lasso_5-phaseTemplate.smt2,False,10,timeout
253,/home/z52lu/z3alpha/benchmarks/LassoRanker/all/Ultimate/Collatz.bpl_Iteration1_Lasso_6-phaseTemplate.smt2,False,10,timeout
254,/home/z52lu/z3alpha/benchmarks/LassoRanker/all/Ultimate/Collatz.bpl_Iteration1_Lasso_affineTemplate.smt2,False,10,timeout
255,/home/z52lu/z3alpha/benchmarks/LassoRanker/all/Ultimate/Collatz.bpl_Iteration1_Loop_2-lexTemplate.smt2,False,10,timeout
256,/home/z52lu/z3alpha/benchmarks/LassoRanker/all/Ultimate/Collatz.bpl_Iteration1_Loop_2-nestedTemplate.smt2,False,10,timeout
257,/home/z52lu/z3alpha/benchmarks/LassoRanker/all/Ultimate/Collatz.bpl_Iteration1_Loop_3-pieceTemplate.smt2,False,10,timeout
258,/home/z52lu/z3alpha/benchmarks/LassoRanker/all/Ultimate/Collatz.bpl_Iteration1_Loop_4-phaseTemplate.smt2,False,10,timeout
259,/home/z52lu/z3alpha/benchmarks/LassoRanker/all/Ultimate/Collatz.bpl_Iteration1_Loop_4-pieceTemplate.smt2,False,10,timeout
260,/home/z52lu/z3alpha/benchmarks/LassoRanker/all/Ultimate/Collatz.bpl_Iteration1_Loop_5-nestedTemplate.smt2,False,10,timeout
261,/home/z52lu/z3alpha/benchmarks/LassoRanker/all/Ultimate/Collatz.bpl_Iteration1_Loop_5-phaseTemplate.smt2,False,10,timeout
262,/home/z52lu/z3alpha/benchmarks/LassoRanker/all/Ultimate/Collatz.bpl_Iteration1_Loop_6-phaseTemplate.smt2,False,10,timeout
263,/home/z52lu/z3alpha/benchmarks/LassoRanker/all/Ultimate/CookSeeZuleger-2013TACAS-Fig7a.bpl_Iteration1_Loop_3-pieceTemplate.smt2,True,6.818154573440552,unsat
264,/home/z52lu/z3alpha/benchmarks/LassoRanker/all/Ultimate/CookSeeZuleger-2013TACAS-Fig7b.bpl_Iteration1_Loop_2-pieceTemplate.smt2,True,3.358893394470215,unsat
265,/home/z52lu/z3alpha/benchmarks/LassoRanker/all/Ultimate/CopenhagenWithTmp.bpl_Iteration1_Loop_4-pieceTemplate.smt2,True,2.7741053104400635,sat
266,/home/z52lu/z3alpha/benchmarks/LassoRanker/all/Ultimate/FourPhase.bpl_Iteration1_Lasso_7-phaseTemplate.smt2,True,0.6328363418579102,sat
267,/home/z52lu/z3alpha/benchmarks/LassoRanker/all/Ultimate/Garmisch.bpl_Iteration1_Loop_4-pieceTemplate.smt2,True,1.424307107925415,unsat
268,/home/z52lu/z3alpha/benchmarks/LassoRanker/all/Ultimate/GcdNew.bpl_Iteration1_Lasso_3-pieceTemplate.smt2,False,10,timeout
269,/home/z52lu/z3alpha/benchmarks/LassoRanker/all/Ultimate/GcdNew.bpl_Iteration1_Lasso_7-phaseTemplate.smt2,False,10,timeout
270,/home/z52lu/z3alpha/benchmarks/LassoRanker/all/Ultimate/Gcd_havoc.bpl_Iteration1_Lasso_4-pieceTemplate.smt2,False,10,timeout
271,/home/z52lu/z3alpha/benchmarks/LassoRanker/all/Ultimate/Gothenburg.bpl_Iteration1_Lasso_4-pieceTemplate.smt2,True,2.15744948387146,unsat
272,/home/z52lu/z3alpha/benchmarks/LassoRanker/all/Ultimate/Gulwani.bpl_Iteration1_Lasso_5-phaseTemplate.smt2,False,10,timeout
273,/home/z52lu/z3alpha/benchmarks/LassoRanker/all/Ultimate/Gulwani.bpl_Iteration1_Lasso_7-phaseTemplate.smt2,False,10,timeout
274,/home/z52lu/z3alpha/benchmarks/LassoRanker/all/Ultimate/IncreasingSI.bpl_Iteration1_Lasso_4-pieceTemplate.smt2,True,1.750455379486084,unsat
275,/home/z52lu/z3alpha/benchmarks/LassoRanker/all/Ultimate/Khartoum.bpl_Iteration1_Loop_3-pieceTemplate.smt2,True,1.0712180137634277,unsat
276,/home/z52lu/z3alpha/benchmarks/LassoRanker/all/Ultimate/Lobnya-Boolean-Reordered.bpl_Iteration1_Lasso_4-pieceTemplate.smt2,True,7.891679763793945,unsat
277,/home/z52lu/z3alpha/benchmarks/LassoRanker/all/Ultimate/Lobnya-Boolean-Reordered.bpl_Iteration1_Loop_3-pieceTemplate.smt2,True,2.0565593242645264,unsat
278,/home/z52lu/z3alpha/benchmarks/LassoRanker/all/Ultimate/Madrid.bpl_Iteration1_Lasso_3-pieceTemplate.smt2,True,0.9139130115509033,unsat
279,/home/z52lu/z3alpha/benchmarks/LassoRanker/all/Ultimate/Madrid.bpl_Iteration1_Lasso_4-pieceTemplate.smt2,True,2.5636770725250244,unsat
280,/home/z52lu/z3alpha/benchmarks/LassoRanker/all/Ultimate/MenloPark.bpl_Iteration1_Lasso_2-pieceTemplate.smt2,True,2.098170518875122,unsat
281,/home/z52lu/z3alpha/benchmarks/LassoRanker/all/Ultimate/Mysore2.bpl_Iteration1_Loop_3-pieceTemplate.smt2,True,0.8170409202575684,unsat
282,/home/z52lu/z3alpha/benchmarks/LassoRanker/all/Ultimate/NonTerminationDifficult.bpl_Iteration1_Lasso_6-phaseTemplate.smt2,True,1.4843802452087402,unsat
283,/home/z52lu/z3alpha/benchmarks/LassoRanker/all/Ultimate/NonTerminationDifficult.bpl_Iteration1_Lasso_7-phaseTemplate.smt2,True,1.3726072311401367,unsat
284,/home/z52lu/z3alpha/benchmarks/LassoRanker/all/Ultimate/NoriSharma-2013FSE-Fig7.bpl_Iteration1_Loop_4-pieceTemplate.smt2,True,4.0680091381073,unsat
285,/home/z52lu/z3alpha/benchmarks/LassoRanker/all/Ultimate/OpposedDisjuncts.bpl_Iteration1_Lasso_2-pieceTemplate.smt2,False,10,timeout
286,/home/z52lu/z3alpha/benchmarks/LassoRanker/all/Ultimate/OpposedDisjuncts.bpl_Iteration1_Lasso_3-pieceTemplate.smt2,False,10,timeout
287,/home/z52lu/z3alpha/benchmarks/LassoRanker/all/Ultimate/OpposedDisjuncts.bpl_Iteration1_Loop_3-pieceTemplate.smt2,True,4.877328157424927,unsat
288,/home/z52lu/z3alpha/benchmarks/LassoRanker/all/Ultimate/OpposedDisjuncts.bpl_Iteration1_Loop_4-phaseTemplate.smt2,True,1.0059685707092285,unsat
289,/home/z52lu/z3alpha/benchmarks/LassoRanker/all/Ultimate/Rotation02.bpl_Iteration1_Lasso_4-pieceTemplate.smt2,True,1.7126836776733398,unsat
290,/home/z52lu/z3alpha/benchmarks/LassoRanker/all/Ultimate/SantaBarbara01.bpl_Iteration1_Lasso_2-pieceTemplate.smt2,True,0.17146039009094238,unsat
291,/home/z52lu/z3alpha/benchmarks/LassoRanker/all/Ultimate/SantaBarbara01.bpl_Iteration1_Lasso_4-pieceTemplate.smt2,True,1.0183072090148926,unsat
292,/home/z52lu/z3alpha/benchmarks/LassoRanker/all/Ultimate/SantaBarbara02.bpl_Iteration1_Lasso_2-pieceTemplate.smt2,True,0.2572977542877197,unsat
293,/home/z52lu/z3alpha/benchmarks/LassoRanker/all/Ultimate/SantaBarbara02.bpl_Iteration1_Lasso_4-pieceTemplate.smt2,True,1.5651497840881348,unsat
294,/home/z52lu/z3alpha/benchmarks/LassoRanker/all/Ultimate/SyntaxSupportDisjunction4.bpl_Iteration1_Loop_3-pieceTemplate.smt2,True,2.2291064262390137,unsat
295,/home/z52lu/z3alpha/benchmarks/LassoRanker/all/Ultimate/SyntaxSupportDivision1.bpl_Iteration1_Lasso_6-phaseTemplate.smt2,False,10,timeout
296,/home/z52lu/z3alpha/benchmarks/LassoRanker/all/Ultimate/SyntaxSupportDivision1.bpl_Iteration1_Lasso_7-nestedTemplate.smt2,False,10,timeout
297,/home/z52lu/z3alpha/benchmarks/LassoRanker/all/Ultimate/Thun.bpl_Iteration1_Loop_3-pieceTemplate.smt2,True,1.1372087001800537,unsat
298,/home/z52lu/z3alpha/benchmarks/LassoRanker/all/Ultimate/ThunPower2.bpl_Iteration1_Loop_4-pieceTemplate.smt2,True,0.9397177696228027,sat
299,/home/z52lu/z3alpha/benchmarks/LassoRanker/all/Ultimate/TwoPhase.bpl_Iteration1_Loop_3-pieceTemplate.smt2,True,0.7556347846984863,unsat
300,/home/z52lu/z3alpha/benchmarks/LassoRanker/all/Ultimate/TwoPhase.bpl_Iteration1_Loop_4-pieceTemplate.smt2,True,1.4194159507751465,unsat
301,/home/z52lu/z3alpha/benchmarks/LassoRanker/all/Ultimate/ZenoWithoutDivision.bpl_Iteration1_Lasso_4-pieceTemplate.smt2,True,0.9701416492462158,unsat
302,/home/z52lu/z3alpha/benchmarks/LassoRanker/all/Ultimate/bound-scaled400.bpl_Iteration1_Loop_3-pieceTemplate.smt2,False,10,timeout
303,/home/z52lu/z3alpha/benchmarks/LassoRanker/all/Ultimate/bound-scaled600.bpl_Iteration1_Loop_3-pieceTemplate.smt2,False,10,timeout
304,/home/z52lu/z3alpha/benchmarks/LassoRanker/all/Ultimate/bound-scaled600.bpl_Iteration1_Loop_4-pieceTemplate.smt2,False,10,timeout
305,/home/z52lu/z3alpha/benchmarks/LassoRanker/all/Ultimate/simple-scaled200.bpl_Iteration1_Lasso_3-pieceTemplate.smt2,False,10,timeout
306,/home/z52lu/z3alpha/benchmarks/LassoRanker/all/Ultimate/simple-scaled200.bpl_Iteration1_Lasso_5-phaseTemplate.smt2,False,10,timeout
307,/home/z52lu/z3alpha/benchmarks/LassoRanker/all/Ultimate/simple-scaled200.bpl_Iteration1_Lasso_6-phaseTemplate.smt2,False,10,timeout
308,/home/z52lu/z3alpha/benchmarks/LassoRanker/all/Ultimate/simple-scaled250.bpl_Iteration1_Lasso_4-lexTemplate.smt2,False,10,timeout
309,/home/z52lu/z3alpha/benchmarks/LassoRanker/all/Ultimate/simple-scaled250.bpl_Iteration1_Lasso_4-pieceTemplate.smt2,False,10,timeout
310,/home/z52lu/z3alpha/benchmarks/LassoRanker/all/Ultimate/simple-scaled250.bpl_Iteration1_Lasso_6-phaseTemplate.smt2,False,10,timeout
311,/home/z52lu/z3alpha/benchmarks/LassoRanker/all/Ultimate/simple-scaled250.bpl_Iteration1_Lasso_7-phaseTemplate.smt2,False,10,timeout
312,/home/z52lu/z3alpha/benchmarks/LassoRanker/all/Ultimate/yPositive-SIscaled100.bpl_Iteration1_Loop_2-pieceTemplate.smt2,False,10,timeout
313,/home/z52lu/z3alpha/benchmarks/LassoRanker/all/Ultimate/yPositive-SIscaled100.bpl_Iteration1_Loop_3-pieceTemplate.smt2,False,10,timeout
314,/home/z52lu/z3alpha/benchmarks/LassoRanker/all/Ultimate/yPositive-SIscaled100.bpl_Iteration1_Loop_4-phaseTemplate.smt2,False,10,timeout
315,/home/z52lu/z3alpha/benchmarks/LassoRanker/all/Ultimate/yPositive-SIscaled100.bpl_Iteration1_Loop_4-pieceTemplate.smt2,False,10,timeout
316,/home/z52lu/z3alpha/benchmarks/LassoRanker/all/Ultimate/yPositive-SIscaled100.bpl_Iteration1_Loop_5-phaseTemplate.smt2,False,10,timeout
317,/home/z52lu/z3alpha/benchmarks/LassoRanker/all/Ultimate/yPositive-SIscaled100.bpl_Iteration1_Loop_6-phaseTemplate.smt2,False,10,timeout
318,/home/z52lu/z3alpha/benchmarks/LassoRanker/all/Ultimate/yPositive-SIscaled50.bpl_Iteration1_Loop_3-pieceTemplate.smt2,False,10,timeout
319,/home/z52lu/z3alpha/benchmarks/LassoRanker/all/Ultimate/yPositive-SIscaled75.bpl_Iteration1_Loop_2-pieceTemplate.smt2,False,10,timeout
320,/home/z52lu/z3alpha/benchmarks/LassoRanker/all/Ultimate/yPositive-SIscaled75.bpl_Iteration1_Loop_4-pieceTemplate.smt2,False,10,timeout
